ticker,old_signal_date,new_signal_date,old_eligibility,new_eligibility,old_score,new_score,old_rank,new_rank,old_support,new_support,trade_changed_vs_mixed
ANF,2026-02-05,2026-02-05,True,True,46.3542,46.3542,1,1,"{'available': True, 'candidates': [{'distance_pct': 2.452, 'level': 96.7278, 'source': 'EMA200'}, {'distance_pct': 6.904, 'level': 92.7, 'source': 'prior-20D-low'}, {'distance_pct': 6.904, 'level': 92.7, 'source': 'confirmed-swing-low'}], 'level': 96.7278, 'max_loss_pct': 10, 'signal_close': 99.1, 'source': 'EMA200', 'structural_stop': 91.8914, 'support_buffer_pct': 5, 'volume_profile': {'available': True, 'bins': 40, 'concentrated': True, 'distance_pct': 5.181, 'hit': False, 'level': 94.218542, 'lookback_sessions': 250, 'near_price': False, 'peak_share': 0.081104, 'pulled_back': True}}","{'available': True, 'candidates': [{'distance_pct': 2.452, 'level': 96.7278, 'source': 'EMA200'}, {'distance_pct': 6.904, 'level': 92.7, 'source': 'prior-20D-low'}, {'distance_pct': 6.904, 'level': 92.7, 'source': 'confirmed-swing-low'}], 'level': 96.7278, 'max_loss_pct': 10, 'signal_close': 99.1, 'source': 'EMA200', 'structural_stop': 91.8914, 'support_buffer_pct': 5, 'volume_profile': {'available': True, 'bins': 40, 'concentrated': True, 'distance_pct': 5.181, 'hit': False, 'level': 94.218542, 'lookback_sessions': 250, 'near_price': False, 'peak_share': 0.081104, 'pulled_back': True}}",False
AR,2026-02-11,2026-02-11,True,True,22.3958,22.3958,3,3,"{'available': True, 'candidates': [{'distance_pct': 2.782, 'level': 34.1597, 'source': 'EMA21'}, {'distance_pct': 2.862, 'level': 34.1329, 'source': 'EMA200'}, {'distance_pct': 3.178, 'level': 34.0285, 'source': 'EMA50'}, {'distance_pct': 5.913, 'level': 33.15, 'source': 'confirmed-swing-low'}, {'distance_pct': 12.713, 'level': 31.15, 'source': 'prior-20D-low'}], 'level': 34.1597, 'max_loss_pct': 10, 'signal_close': 35.11, 'source': 'EMA21', 'structural_stop': 32.4517, 'support_buffer_pct': 5, 'volume_profile': {'available': True, 'bins': 40, 'concentrated': True, 'distance_pct': 8.0945, 'hit': False, 'level': 32.480833, 'lookback_sessions': 250, 'near_price': False, 'peak_share': 0.080129, 'pulled_back': True}}","{'available': True, 'candidates': [{'distance_pct': 2.782, 'level': 34.1597, 'source': 'EMA21'}, {'distance_pct': 2.862, 'level': 34.1329, 'source': 'EMA200'}, {'distance_pct': 3.178, 'level': 34.0285, 'source': 'EMA50'}, {'distance_pct': 5.913, 'level': 33.15, 'source': 'confirmed-swing-low'}, {'distance_pct': 12.713, 'level': 31.15, 'source': 'prior-20D-low'}], 'level': 34.1597, 'max_loss_pct': 10, 'signal_close': 35.11, 'source': 'EMA21', 'structural_stop': 32.4517, 'support_buffer_pct': 5, 'volume_profile': {'available': True, 'bins': 40, 'concentrated': True, 'distance_pct': 8.0945, 'hit': False, 'level': 32.480833, 'lookback_sessions': 250, 'near_price': False, 'peak_share': 0.080129, 'pulled_back': True}}",False
BMRN,2026-02-03,2026-02-03,True,True,30.2083,33.3333,2,2,"{'available': True, 'candidates': [{'distance_pct': 0.965, 'level': 57.0594, 'source': 'EMA21'}, {'distance_pct': 1.926, 'level': 56.5212, 'source': 'EMA50'}, {'distance_pct': 4.215, 'level': 55.28, 'source': 'confirmed-swing-low'}, {'distance_pct': 6.547, 'level': 54.07, 'source': 'prior-20D-low'}], 'level': 57.0594, 'max_loss_pct': 10, 'signal_close': 57.61, 'source': 'EMA21', 'structural_stop': 54.2064, 'support_buffer_pct': 5, 'volume_profile': {'available': True, 'bins': 40, 'concentrated': True, 'distance_pct': 4.0674, 'hit': False, 'level': 55.358333, 'lookback_sessions': 250, 'near_price': False, 'peak_share': 0.089602, 'pulled_back': True}}","{'available': True, 'candidates': [{'distance_pct': 0.965, 'level': 57.0594, 'source': 'EMA21'}, {'distance_pct': 1.926, 'level': 56.5212, 'source': 'EMA50'}, {'distance_pct': 4.215, 'level': 55.28, 'source': 'confirmed-swing-low'}, {'distance_pct': 6.547, 'level': 54.07, 'source': 'prior-20D-low'}], 'level': 57.0594, 'max_loss_pct': 10, 'signal_close': 57.61, 'source': 'EMA21', 'structural_stop': 54.2064, 'support_buffer_pct': 5, 'volume_profile': {'available': True, 'bins': 40, 'concentrated': True, 'distance_pct': 4.0674, 'hit': False, 'level': 55.358333, 'lookback_sessions': 250, 'near_price': False, 'peak_share': 0.089602, 'pulled_back': True}}",False
CNC,2026-02-19,2026-02-19,True,True,21.875,28.125,3,3,"{'available': True, 'candidates': [{'distance_pct': 2.319, 'level': 42.6898, 'source': 'EMA200'}, {'distance_pct': 4.387, 'level': 41.8441, 'source': 'EMA21'}, {'distance_pct': 5.339, 'level': 41.4661, 'source': 'EMA50'}, {'distance_pct': 12.432, 'level': 38.85, 'source': 'confirmed-swing-low'}, {'distance_pct': 21.131, 'level': 36.06, 'source': 'prior-20D-low'}], 'level': 42.6898, 'max_loss_pct': 10, 'signal_close': 43.68, 'source': 'EMA200', 'structural_stop': 40.5553, 'support_buffer_pct': 5, 'volume_profile': {'available': True, 'bins': 40, 'concentrated': True, 'distance_pct': 23.5085, 'hit': False, 'level': 35.366, 'lookback_sessions': 250, 'near_price': False, 'peak_share': 0.088986, 'pulled_back': True}}","{'available': True, 'candidates': [{'distance_pct': 2.319, 'level': 42.6898, 'source': 'EMA200'}, {'distance_pct': 4.387, 'level': 41.8441, 'source': 'EMA21'}, {'distance_pct': 5.339, 'level': 41.4661, 'source': 'EMA50'}, {'distance_pct': 12.432, 'level': 38.85, 'source': 'confirmed-swing-low'}, {'distance_pct': 21.131, 'level': 36.06, 'source': 'prior-20D-low'}], 'level': 42.6898, 'max_loss_pct': 10, 'signal_close': 43.68, 'source': 'EMA200', 'structural_stop': 40.5553, 'support_buffer_pct': 5, 'volume_profile': {'available': True, 'bins': 40, 'concentrated': True, 'distance_pct': 23.5085, 'hit': False, 'level': 35.366, 'lookback_sessions': 250, 'near_price': False, 'peak_share': 0.088986, 'pulled_back': True}}",False
COO,2026-02-11,2026-02-11,True,True,40.625,40.625,1,1,"{'available': True, 'candidates': [{'distance_pct': 2.004, 'level': 81.4185, 'source': 'volume-profile-poc'}, {'distance_pct': 2.01, 'level': 81.4134, 'source': 'EMA21'}, {'distance_pct': 3.5, 'level': 80.2417, 'source': 'EMA50'}, {'distance_pct': 5.407, 'level': 78.79, 'source': 'prior-20D-low'}, {'distance_pct': 5.407, 'level': 78.79, 'source': 'confirmed-swing-low'}, {'distance_pct': 6.127, 'level': 78.2556, 'source': 'EMA200'}], 'level': 81.4185, 'max_loss_pct': 10, 'signal_close': 83.05, 'source': 'volume-profile-poc', 'structural_stop': 77.3476, 'support_buffer_pct': 5, 'volume_profile': {'available': True, 'bins': 40, 'concentrated': True, 'distance_pct': 2.0038, 'hit': True, 'level': 81.4185, 'lookback_sessions': 250, 'near_price': True, 'peak_share': 0.064166, 'pulled_back': True}}","{'available': True, 'candidates': [{'distance_pct': 2.004, 'level': 81.4185, 'source': 'volume-profile-poc'}, {'distance_pct': 2.01, 'level': 81.4134, 'source': 'EMA21'}, {'distance_pct': 3.5, 'level': 80.2417, 'source': 'EMA50'}, {'distance_pct': 5.407, 'level': 78.79, 'source': 'prior-20D-low'}, {'distance_pct': 5.407, 'level': 78.79, 'source': 'confirmed-swing-low'}, {'distance_pct': 6.127, 'level': 78.2556, 'source': 'EMA200'}], 'level': 81.4185, 'max_loss_pct': 10, 'signal_close': 83.05, 'source': 'volume-profile-poc', 'structural_stop': 77.3476, 'support_buffer_pct': 5, 'volume_profile': {'available': True, 'bins': 40, 'concentrated': True, 'distance_pct': 2.0038, 'hit': True, 'level': 81.4185, 'lookback_sessions': 250, 'near_price': True, 'peak_share': 0.064166, 'pulled_back': True}}",False
DNLI,2026-02-25,2026-02-25,True,True,35.4167,35.4167,1,1,"{'available': True, 'candidates': [{'distance_pct': 9.946, 'level': 20.2736, 'source': 'EMA21'}, {'distance_pct': 19.774, 'level': 18.61, 'source': 'prior-20D-low'}, {'distance_pct': 19.774, 'level': 18.61, 'source': 'confirmed-swing-low'}], 'level': 20.2736, 'max_loss_pct': 10, 'signal_close': 22.29, 'source': 'EMA21', 'structural_stop': 19.2599, 'support_buffer_pct': 5, 'volume_profile': {'available': True, 'bins': 40, 'concentrated': True, 'distance_pct': 56.7589, 'hit': False, 'level': 14.219292, 'lookback_sessions': 250, 'near_price': False, 'peak_share': 0.089835, 'pulled_back': True}}","{'available': True, 'candidates': [{'distance_pct': 9.946, 'level': 20.2736, 'source': 'EMA21'}, {'distance_pct': 19.774, 'level': 18.61, 'source': 'prior-20D-low'}, {'distance_pct': 19.774, 'level': 18.61, 'source': 'confirmed-swing-low'}], 'level': 20.2736, 'max_loss_pct': 10, 'signal_close': 22.29, 'source': 'EMA21', 'structural_stop': 19.2599, 'support_buffer_pct': 5, 'volume_profile': {'available': True, 'bins': 40, 'concentrated': True, 'distance_pct': 56.7589, 'hit': False, 'level': 14.219292, 'lookback_sessions': 250, 'near_price': False, 'peak_share': 0.089835, 'pulled_back': True}}",False
DOC,2026-02-19,2026-02-19,True,True,44.7917,44.7917,1,1,"{'available': True, 'candidates': [{'distance_pct': 0.905, 'level': 16.3822, 'source': 'EMA50'}, {'distance_pct': 0.942, 'level': 16.3762, 'source': 'EMA21'}, {'distance_pct': 6.039, 'level': 15.5891, 'source': 'prior-20D-low'}, {'distance_pct': 6.039, 'level': 15.5891, 'source': 'confirmed-swing-low'}], 'level': 16.3822, 'max_loss_pct': 10, 'signal_close': 16.5305, 'source': 'EMA50', 'structural_stop': 15.5631, 'support_buffer_pct': 5, 'volume_profile': {'available': True, 'bins': 40, 'concentrated': True, 'distance_pct': 4.2056, 'hit': False, 'level': 15.863353, 'lookback_sessions': 250, 'near_price': False, 'peak_share': 0.073801, 'pulled_back': True}}","{'available': True, 'candidates': [{'distance_pct': 0.905, 'level': 16.3822, 'source': 'EMA50'}, {'distance_pct': 0.942, 'level': 16.3762, 'source': 'EMA21'}, {'distance_pct': 6.039, 'level': 15.5891, 'source': 'prior-20D-low'}, {'distance_pct': 6.039, 'level': 15.5891, 'source': 'confirmed-swing-low'}], 'level': 16.3822, 'max_loss_pct': 10, 'signal_close': 16.5305, 'source': 'EMA50', 'structural_stop': 15.5631, 'support_buffer_pct': 5, 'volume_profile': {'available': True, 'bins': 40, 'concentrated': True, 'distance_pct': 4.2056, 'hit': False, 'level': 15.863353, 'lookback_sessions': 250, 'near_price': False, 'peak_share': 0.073801, 'pulled_back': True}}",False
ELV,2026-02-18,2026-02-18,True,True,33.8542,33.8542,2,2,"{'available': True, 'candidates': [{'distance_pct': 0.034, 'level': 342.608, 'source': 'EMA50'}, {'distance_pct': 0.52, 'level': 340.9519, 'source': 'EMA21'}, {'distance_pct': 7.096, 'level': 320.0171, 'source': 'confirmed-swing-low'}, {'distance_pct': 9.757, 'level': 312.2567, 'source': 'prior-20D-low'}], 'level': 342.608, 'max_loss_pct': 10, 'signal_close': 342.7242, 'source': 'EMA50', 'structural_stop': 325.4776, 'support_buffer_pct': 5, 'volume_profile': {'available': True, 'bins': 40, 'concentrated': True, 'distance_pct': -6.8158, 'hit': False, 'level': 367.792223, 'lookback_sessions': 250, 'near_price': False, 'peak_share': 0.067474, 'pulled_back': True}}","{'available': True, 'candidates': [{'distance_pct': 0.034, 'level': 341.1233, 'source': 'EMA50'}, {'distance_pct': 0.52, 'level': 339.4743, 'source': 'EMA21'}, {'distance_pct': 7.096, 'level': 318.6303, 'source': 'confirmed-swing-low'}, {'distance_pct': 9.757, 'level': 310.9035, 'source': 'prior-20D-low'}], 'level': 341.1233, 'max_loss_pct': 10, 'signal_close': 341.2389, 'source': 'EMA50', 'structural_stop': 324.0671, 'support_buffer_pct': 5, 'volume_profile': {'available': True, 'bins': 40, 'concentrated': True, 'distance_pct': -6.8158, 'hit': False, 'level': 366.198358, 'lookback_sessions': 250, 'near_price': False, 'peak_share': 0.067444, 'pulled_back': True}}",True
GKOS,2026-02-20,2026-02-20,True,True,31.25,31.25,1,1,"{'available': True, 'candidates': [{'distance_pct': 4.64, 'level': 114.9367, 'source': 'EMA21'}, {'distance_pct': 7.139, 'level': 112.2565, 'source': 'EMA50'}, {'distance_pct': 16.147, 'level': 103.55, 'source': 'prior-20D-low'}, {'distance_pct': 16.147, 'level': 103.55, 'source': 'confirmed-swing-low'}], 'level': 114.9367, 'max_loss_pct': 10, 'signal_close': 120.27, 'source': 'EMA21', 'structural_stop': 109.1899, 'support_buffer_pct': 5, 'volume_profile': {'available': True, 'bins': 40, 'concentrated': True, 'distance_pct': 33.8683, 'hit': False, 'level': 89.842, 'lookback_sessions': 250, 'near_price': False, 'peak_share': 0.066488, 'pulled_back': True}}","{'available': True, 'candidates': [{'distance_pct': 4.64, 'level': 114.9367, 'source': 'EMA21'}, {'distance_pct': 7.139, 'level': 112.2565, 'source': 'EMA50'}, {'distance_pct': 16.147, 'level': 103.55, 'source': 'prior-20D-low'}, {'distance_pct': 16.147, 'level': 103.55, 'source': 'confirmed-swing-low'}], 'level': 114.9367, 'max_loss_pct': 10, 'signal_close': 120.27, 'source': 'EMA21', 'structural_stop': 109.1899, 'support_buffer_pct': 5, 'volume_profile': {'available': True, 'bins': 40, 'concentrated': True, 'distance_pct': 33.8683, 'hit': False, 'level': 89.842, 'lookback_sessions': 250, 'near_price': False, 'peak_share': 0.066488, 'pulled_back': True}}",False
MRNA,2026-02-19,2026-02-19,True,True,33.3333,33.3333,2,2,"{'available': True, 'candidates': [{'distance_pct': 35.589, 'level': 36.655, 'source': 'prior-20D-low'}, {'distance_pct': 35.589, 'level': 36.655, 'source': 'confirmed-swing-low'}], 'level': 36.655, 'max_loss_pct': 10, 'signal_close': 49.7, 'source': 'prior-20D-low', 'structural_stop': 34.8222, 'support_buffer_pct': 5, 'volume_profile': {'available': True, 'bins': 40, 'concentrated': True, 'distance_pct': 82.6638, 'hit': False, 'level': 27.208458, 'lookback_sessions': 250, 'near_price': False, 'peak_share': 0.114234, 'pulled_back': True}}","{'available': True, 'candidates': [{'distance_pct': 35.589, 'level': 36.655, 'source': 'prior-20D-low'}, {'distance_pct': 35.589, 'level': 36.655, 'source': 'confirmed-swing-low'}], 'level': 36.655, 'max_loss_pct': 10, 'signal_close': 49.7, 'source': 'prior-20D-low', 'structural_stop': 34.8222, 'support_buffer_pct': 5, 'volume_profile': {'available': True, 'bins': 40, 'concentrated': True, 'distance_pct': 82.6638, 'hit': False, 'level': 27.208458, 'lookback_sessions': 250, 'near_price': False, 'peak_share': 0.114234, 'pulled_back': True}}",False
MXL,2026-02-11,2026-02-11,True,True,36.4583,36.4583,2,2,"{'available': True, 'candidates': [{'distance_pct': 5.337, 'level': 18.4171, 'source': 'EMA21'}, {'distance_pct': 8.089, 'level': 17.9482, 'source': 'EMA50'}, {'distance_pct': 20.422, 'level': 16.11, 'source': 'prior-20D-low'}, {'distance_pct': 20.422, 'level': 16.11, 'source': 'confirmed-swing-low'}], 'level': 18.4171, 'max_loss_pct': 10, 'signal_close': 19.4, 'source': 'EMA21', 'structural_stop': 17.4963, 'support_buffer_pct': 5, 'volume_profile': {'available': True, 'bins': 40, 'concentrated': True, 'distance_pct': 21.2554, 'hit': False, 'level': 15.999292, 'lookback_sessions': 250, 'near_price': False, 'peak_share': 0.082597, 'pulled_back': True}}","{'available': True, 'candidates': [{'distance_pct': 5.337, 'level': 18.4171, 'source': 'EMA21'}, {'distance_pct': 8.089, 'level': 17.9482, 'source': 'EMA50'}, {'distance_pct': 20.422, 'level': 16.11, 'source': 'prior-20D-low'}, {'distance_pct': 20.422, 'level': 16.11, 'source': 'confirmed-swing-low'}], 'level': 18.4171, 'max_loss_pct': 10, 'signal_close': 19.4, 'source': 'EMA21', 'structural_stop': 17.4963, 'support_buffer_pct': 5, 'volume_profile': {'available': True, 'bins': 40, 'concentrated': True, 'distance_pct': 21.2554, 'hit': False, 'level': 15.999292, 'lookback_sessions': 250, 'near_price': False, 'peak_share': 0.082597, 'pulled_back': True}}",False
NVAX,2026-02-23,2026-02-23,True,True,33.0729,33.0729,1,1,"{'available': True, 'candidates': [{'distance_pct': 7.19, 'level': 8.7321, 'source': 'EMA21'}, {'distance_pct': 13.455, 'level': 8.25, 'source': 'confirmed-swing-low'}, {'distance_pct': 19.388, 'level': 7.84, 'source': 'prior-20D-low'}], 'level': 8.7321, 'max_loss_pct': 10, 'signal_close': 9.36, 'source': 'EMA21', 'structural_stop': 8.2955, 'support_buffer_pct': 5, 'volume_profile': {'available': True, 'bins': 40, 'concentrated': True, 'distance_pct': 19.1832, 'hit': False, 'level': 7.853458, 'lookback_sessions': 250, 'near_price': False, 'peak_share': 0.084313, 'pulled_back': True}}","{'available': True, 'candidates': [{'distance_pct': 7.19, 'level': 8.7321, 'source': 'EMA21'}, {'distance_pct': 13.455, 'level': 8.25, 'source': 'confirmed-swing-low'}, {'distance_pct': 19.388, 'level': 7.84, 'source': 'prior-20D-low'}], 'level': 8.7321, 'max_loss_pct': 10, 'signal_close': 9.36, 'source': 'EMA21', 'structural_stop': 8.2955, 'support_buffer_pct': 5, 'volume_profile': {'available': True, 'bins': 40, 'concentrated': True, 'distance_pct': 19.1832, 'hit': False, 'level': 7.853458, 'lookback_sessions': 250, 'near_price': False, 'peak_share': 0.084313, 'pulled_back': True}}",False
PNFP,2026-02-03,2026-02-03,True,True,51.0417,54.9479,1,1,"{'available': True, 'candidates': [{'distance_pct': 1.99, 'level': 95.6469, 'source': 'EMA200'}, {'distance_pct': 1.995, 'level': 95.6425, 'source': 'volume-profile-poc'}, {'distance_pct': 2.157, 'level': 95.4905, 'source': 'EMA21'}, {'distance_pct': 3.038, 'level': 94.674, 'source': 'EMA50'}, {'distance_pct': 6.035, 'level': 91.9977, 'source': 'prior-20D-low'}, {'distance_pct': 6.035, 'level': 91.9977, 'source': 'confirmed-swing-low'}], 'level': 95.6469, 'max_loss_pct': 10, 'signal_close': 97.5502, 'source': 'EMA200', 'structural_stop': 90.8646, 'support_buffer_pct': 5, 'volume_profile': {'available': True, 'bins': 40, 'concentrated': True, 'distance_pct': 1.9946, 'hit': True, 'level': 95.642469, 'lookback_sessions': 250, 'near_price': True, 'peak_share': 0.100545, 'pulled_back': True}}","{'available': True, 'candidates': [{'distance_pct': 1.99, 'level': 95.6469, 'source': 'EMA200'}, {'distance_pct': 1.995, 'level': 95.6425, 'source': 'volume-profile-poc'}, {'distance_pct': 2.157, 'level': 95.4905, 'source': 'EMA21'}, {'distance_pct': 3.038, 'level': 94.674, 'source': 'EMA50'}, {'distance_pct': 6.035, 'level': 91.9977, 'source': 'prior-20D-low'}, {'distance_pct': 6.035, 'level': 91.9977, 'source': 'confirmed-swing-low'}], 'level': 95.6469, 'max_loss_pct': 10, 'signal_close': 97.5502, 'source': 'EMA200', 'structural_stop': 90.8646, 'support_buffer_pct': 5, 'volume_profile': {'available': True, 'bins': 40, 'concentrated': True, 'distance_pct': 1.9946, 'hit': True, 'level': 95.642469, 'lookback_sessions': 250, 'near_price': True, 'peak_share': 0.100545, 'pulled_back': True}}",False
REGN,2026-02-04,2026-02-04,True,True,29.1667,29.1667,1,1,"{'available': True, 'candidates': [{'distance_pct': 2.212, 'level': 755.3651, 'source': 'EMA21'}, {'distance_pct': 4.53, 'level': 738.6154, 'source': 'EMA50'}, {'distance_pct': 5.953, 'level': 728.6906, 'source': 'confirmed-swing-low'}, {'distance_pct': 7.89, 'level': 715.6112, 'source': 'prior-20D-low'}], 'level': 755.3651, 'max_loss_pct': 10, 'signal_close': 772.0727, 'source': 'EMA21', 'structural_stop': 717.5968, 'support_buffer_pct': 5, 'volume_profile': {'available': True, 'bins': 40, 'concentrated': True, 'distance_pct': 38.5674, 'hit': False, 'level': 557.182232, 'lookback_sessions': 250, 'near_price': False, 'peak_share': 0.104214, 'pulled_back': True}}","{'available': True, 'candidates': [{'distance_pct': 2.212, 'level': 755.3651, 'source': 'EMA21'}, {'distance_pct': 4.53, 'level': 738.6154, 'source': 'EMA50'}, {'distance_pct': 5.953, 'level': 728.6906, 'source': 'confirmed-swing-low'}, {'distance_pct': 7.89, 'level': 715.6112, 'source': 'prior-20D-low'}], 'level': 755.3651, 'max_loss_pct': 10, 'signal_close': 772.0727, 'source': 'EMA21', 'structural_stop': 717.5968, 'support_buffer_pct': 5, 'volume_profile': {'available': True, 'bins': 40, 'concentrated': True, 'distance_pct': 38.5674, 'hit': False, 'level': 557.182232, 'lookback_sessions': 250, 'near_price': False, 'peak_share': 0.104214, 'pulled_back': True}}",False
SBUX,2026-02-06,2026-02-06,True,True,44.7917,44.7917,1,1,"{'available': True, 'candidates': [{'distance_pct': 6.339, 'level': 91.8531, 'source': 'EMA21'}, {'distance_pct': 9.744, 'level': 89.0034, 'source': 'confirmed-swing-low'}, {'distance_pct': 10.127, 'level': 88.6941, 'source': 'EMA50'}, {'distance_pct': 16.166, 'level': 84.0827, 'source': 'prior-20D-low'}], 'level': 91.8531, 'max_loss_pct': 10, 'signal_close': 97.6759, 'source': 'EMA21', 'structural_stop': 87.2604, 'support_buffer_pct': 5, 'volume_profile': {'available': True, 'bins': 40, 'concentrated': True, 'distance_pct': 18.6812, 'hit': False, 'level': 82.301043, 'lookback_sessions': 250, 'near_price': False, 'peak_share': 0.093935, 'pulled_back': True}}","{'available': True, 'candidates': [{'distance_pct': 6.339, 'level': 91.8531, 'source': 'EMA21'}, {'distance_pct': 9.744, 'level': 89.0034, 'source': 'confirmed-swing-low'}, {'distance_pct': 10.127, 'level': 88.6941, 'source': 'EMA50'}, {'distance_pct': 16.166, 'level': 84.0827, 'source': 'prior-20D-low'}], 'level': 91.8531, 'max_loss_pct': 10, 'signal_close': 97.6759, 'source': 'EMA21', 'structural_stop': 87.2604, 'support_buffer_pct': 5, 'volume_profile': {'available': True, 'bins': 40, 'concentrated': True, 'distance_pct': 18.6812, 'hit': False, 'level': 82.301043, 'lookback_sessions': 250, 'near_price': False, 'peak_share': 0.093935, 'pulled_back': True}}",False
SGML,2026-02-12,2026-02-12,True,True,26.5625,26.5625,1,1,"{'available': True, 'candidates': [{'distance_pct': 4.083, 'level': 12.6726, 'source': 'EMA21'}, {'distance_pct': 8.952, 'level': 12.1063, 'source': 'EMA50'}, {'distance_pct': 14.199, 'level': 11.55, 'source': 'confirmed-swing-low'}, {'distance_pct': 23.85, 'level': 10.65, 'source': 'prior-20D-low'}], 'level': 12.6726, 'max_loss_pct': 10, 'signal_close': 13.19, 'source': 'EMA21', 'structural_stop': 12.039, 'support_buffer_pct': 5, 'volume_profile': {'available': True, 'bins': 40, 'concentrated': True, 'distance_pct': 120.7224, 'hit': False, 'level': 5.975833, 'lookback_sessions': 250, 'near_price': False, 'peak_share': 0.084602, 'pulled_back': True}}","{'available': True, 'candidates': [{'distance_pct': 4.083, 'level': 12.6726, 'source': 'EMA21'}, {'distance_pct': 8.952, 'level': 12.1063, 'source': 'EMA50'}, {'distance_pct': 14.199, 'level': 11.55, 'source': 'confirmed-swing-low'}, {'distance_pct': 23.85, 'level': 10.65, 'source': 'prior-20D-low'}], 'level': 12.6726, 'max_loss_pct': 10, 'signal_close': 13.19, 'source': 'EMA21', 'structural_stop': 12.039, 'support_buffer_pct': 5, 'volume_profile': {'available': True, 'bins': 40, 'concentrated': True, 'distance_pct': 120.7224, 'hit': False, 'level': 5.975833, 'lookback_sessions': 250, 'near_price': False, 'peak_share': 0.084602, 'pulled_back': True}}",False
VCEL,2026-02-18,2026-02-18,True,True,30.7292,30.7292,3,3,"{'available': True, 'candidates': [{'distance_pct': 1.629, 'level': 36.8103, 'source': 'EMA50'}, {'distance_pct': 2.74, 'level': 36.4123, 'source': 'EMA21'}, {'distance_pct': 11.406, 'level': 33.58, 'source': 'prior-20D-low'}, {'distance_pct': 11.406, 'level': 33.58, 'source': 'confirmed-swing-low'}], 'level': 36.8103, 'max_loss_pct': 10, 'signal_close': 37.41, 'source': 'EMA50', 'structural_stop': 34.9698, 'support_buffer_pct': 5, 'volume_profile': {'available': True, 'bins': 40, 'concentrated': True, 'distance_pct': 3.0292, 'hit': False, 'level': 36.310083, 'lookback_sessions': 250, 'near_price': False, 'peak_share': 0.141839, 'pulled_back': True}}","{'available': True, 'candidates': [{'distance_pct': 1.629, 'level': 36.8103, 'source': 'EMA50'}, {'distance_pct': 2.74, 'level': 36.4123, 'source': 'EMA21'}, {'distance_pct': 11.406, 'level': 33.58, 'source': 'prior-20D-low'}, {'distance_pct': 11.406, 'level': 33.58, 'source': 'confirmed-swing-low'}], 'level': 36.8103, 'max_loss_pct': 10, 'signal_close': 37.41, 'source': 'EMA50', 'structural_stop': 34.9698, 'support_buffer_pct': 5, 'volume_profile': {'available': True, 'bins': 40, 'concentrated': True, 'distance_pct': 3.0292, 'hit': False, 'level': 36.310083, 'lookback_sessions': 250, 'near_price': False, 'peak_share': 0.141839, 'pulled_back': True}}",False
WEX,2026-02-18,2026-02-18,True,True,41.6667,41.6667,1,1,"{'available': True, 'candidates': [{'distance_pct': 1.509, 'level': 156.6258, 'source': 'EMA21'}, {'distance_pct': 1.6, 'level': 156.487, 'source': 'EMA200'}, {'distance_pct': 2.158, 'level': 155.6315, 'source': 'volume-profile-poc'}, {'distance_pct': 2.419, 'level': 155.2351, 'source': 'EMA50'}, {'distance_pct': 5.291, 'level': 151.0, 'source': 'confirmed-swing-low'}, {'distance_pct': 12.095, 'level': 141.835, 'source': 'prior-20D-low'}], 'level': 156.6258, 'max_loss_pct': 10, 'signal_close': 158.99, 'source': 'EMA21', 'structural_stop': 148.7945, 'support_buffer_pct': 5, 'volume_profile': {'available': True, 'bins': 40, 'concentrated': True, 'distance_pct': 2.158, 'hit': True, 'level': 155.631458, 'lookback_sessions': 250, 'near_price': True, 'peak_share': 0.090237, 'pulled_back': True}}","{'available': True, 'candidates': [{'distance_pct': 1.509, 'level': 156.6258, 'source': 'EMA21'}, {'distance_pct': 1.6, 'level': 156.487, 'source': 'EMA200'}, {'distance_pct': 2.158, 'level': 155.6315, 'source': 'volume-profile-poc'}, {'distance_pct': 2.419, 'level': 155.2351, 'source': 'EMA50'}, {'distance_pct': 5.291, 'level': 151.0, 'source': 'confirmed-swing-low'}, {'distance_pct': 12.095, 'level': 141.835, 'source': 'prior-20D-low'}], 'level': 156.6258, 'max_loss_pct': 10, 'signal_close': 158.99, 'source': 'EMA21', 'structural_stop': 148.7945, 'support_buffer_pct': 5, 'volume_profile': {'available': True, 'bins': 40, 'concentrated': True, 'distance_pct': 2.158, 'hit': True, 'level': 155.631458, 'lookback_sessions': 250, 'near_price': True, 'peak_share': 0.090237, 'pulled_back': True}}",False
