symbol,signal_date,entry_date,entry_price,status,exit_date,exit_price,quantity,net_pnl,net_return,signal_score,original_rank,model_version,monthly_score,weekly_score,daily_score,reason
CALX,2025-01-06,2025-01-07,36.88,closed,2025-02-05,42.1887,271.0,1417.2300822999978,0.1418012825379607,36.4583,1,cr056-policy-2.0.0-candidate,12.5,56.25,68.75,target
JKS,2025-01-07,2025-01-08,23.325100268096513,closed,2025-01-10,21.078125,428.0,-980.7099951600526,-0.0982365977864069,37.7604,1,cr056-policy-2.0.0-candidate,31.25,31.25,70.3125,stop
GH,2025-01-07,2025-01-08,36.35,closed,2025-01-21,43.62,275.0,1977.25825,0.1978,29.1667,2,cr056-policy-2.0.0-candidate,37.5,9.375,43.75,target
BBIO,2025-01-07,2025-01-08,28.66,closed,2025-01-13,32.14255,348.0,1190.7681126000004,0.11939104849965113,24.4792,3,cr056-policy-2.0.0-candidate,6.25,39.0625,50.0,target
KEYS,2025-01-08,2025-01-10,162.12,closed,2025-01-31,174.12502,61.0,711.7952737800003,0.07197615951147301,33.8542,1,cr056-policy-2.0.0-candidate,37.5,14.0625,62.5,target
RMBS,2025-01-08,2025-01-10,55.96,closed,2025-01-21,62.51341,178.0,1145.4187130199982,0.11499171890636149,27.0833,2,cr056-policy-2.0.0-candidate,25.0,18.75,50.0,target
NTES,2025-01-14,2025-01-15,95.6505989222479,closed,2025-03-13,100.5234,104.0,486.36921619830525,0.04889281542953408,31.25,1,cr056-policy-2.0.0-candidate,25.0,28.125,56.25,time_40d
AEIS,2025-01-15,2025-01-16,121.3414432558917,closed,2025-01-27,111.562775,82.0,-820.9489428801038,-0.08250744515239229,31.7708,1,cr056-policy-2.0.0-candidate,37.5,9.375,59.375,stop
BMO,2025-01-15,2025-01-16,92.62582324596774,closed,2025-03-14,91.6919,107.0,-119.65178370586638,-0.01207266969432722,31.25,2,cr056-policy-2.0.0-candidate,31.25,18.75,56.25,time_40d
SSRM,2025-01-16,2025-01-17,7.642771653543307,closed,2025-02-05,9.171326,1308.0,1977.3562454345204,0.1978000020584527,34.8958,1,cr056-policy-2.0.0-candidate,37.5,25.0,46.875,target
BILL,2025-01-17,2025-01-21,89.6,closed,2025-02-07,64.88,111.0,-2761.0672799999993,-0.27761696428571425,36.9792,1,cr056-policy-2.0.0-candidate,56.25,14.0625,25.0,stop_gap
ZD,2025-01-21,2025-01-22,55.12,closed,2025-02-03,51.809295,181.0,-618.5918073950003,-0.062003524945573325,45.3125,1,cr056-policy-2.0.0-candidate,50.0,32.8125,56.25,stop
LSCC,2025-01-21,2025-01-22,59.8,closed,2025-01-27,55.472115,167.0,-742.0072382049993,-0.07430028620401331,36.9792,2,cr056-policy-2.0.0-candidate,37.5,32.8125,43.75,stop
MYRG,2025-01-21,2025-01-22,155.25,closed,2025-01-27,141.83519,64.0,-877.5612921599993,-0.08832138608695646,22.9167,3,cr056-policy-2.0.0-candidate,25.0,9.375,43.75,stop
EPAM,2025-01-22,2025-01-23,236.0,skipped,,,,,,43.75,1,cr056-policy-2.0.0-candidate,37.5,37.5,75.0,position_limit
ESTC,2025-01-22,2025-01-23,100.82,skipped,,,,,,41.1458,2,cr056-policy-2.0.0-candidate,50.0,23.4375,50.0,position_limit
SONY,2025-01-23,2025-01-24,19.95580440893301,skipped,,,,,,15.625,1,cr056-policy-2.0.0-candidate,12.5,9.375,37.5,position_limit
DIS,2025-01-24,2025-01-27,109.61844277395448,skipped,,,,,,41.6667,1,cr056-policy-2.0.0-candidate,50.0,18.75,62.5,position_limit
EQNR,2025-02-11,2025-02-12,21.548469273743017,closed,2025-02-12,20.94883,464.0,-297.9513698797768,-0.029799637499040774,41.6667,1,cr056-policy-2.0.0-candidate,25.0,46.875,81.25,stop
CRNC,2025-02-11,2025-02-12,14.34,closed,2025-02-20,12.906,697.0,-1018.4884619999997,-0.10189999999999998,28.6458,2,cr056-policy-2.0.0-candidate,31.25,23.4375,31.25,stop
NVST,2025-02-13,2025-02-14,21.58,closed,2025-02-28,19.724755,463.0,-878.102536564999,-0.08788460403151056,29.6875,1,cr056-policy-2.0.0-candidate,12.5,45.3125,50.0,stop
QLYS,2025-02-14,2025-02-18,143.22,closed,2025-02-24,134.98968,69.0,-587.0885479200014,-0.05940880938416436,52.6042,1,cr056-policy-2.0.0-candidate,50.0,51.5625,62.5,stop
CSGP,2025-02-20,2025-02-21,78.33,closed,2025-04-04,73.061935,127.0,-688.2710307449988,-0.06918750076598992,37.3698,1,cr056-policy-2.0.0-candidate,25.0,43.359375,62.5,stop
RGEN,2025-02-24,2025-02-25,164.14,closed,2025-03-04,148.792135,60.0,-939.6478281000001,-0.09541121685756063,29.1667,1,cr056-policy-2.0.0-candidate,18.75,28.125,62.5,stop
DQ,2025-02-26,2025-02-27,21.465,closed,2025-02-28,20.406095,465.0,-511.8608841750004,-0.05128237106918243,26.0417,1,cr056-policy-2.0.0-candidate,25.0,18.75,43.75,stop
VLO,2025-03-17,2025-03-18,129.13621255775203,closed,2025-04-03,119.89209,77.0,-730.9726162438553,-0.07351269386241525,35.4167,1,cr056-policy-2.0.0-candidate,31.25,28.125,62.5,stop
CACC,2025-03-18,2025-03-19,489.49,closed,2025-04-04,460.788475,20.0,-593.0360694999989,-0.06057693410488457,49.4792,1,cr056-policy-2.0.0-candidate,50.0,42.1875,62.5,stop
NTR,2025-03-18,2025-03-19,49.299696962750716,closed,2025-04-04,46.065595,202.0,-672.5523854521199,-0.06753524787848299,43.2292,2,cr056-policy-2.0.0-candidate,43.75,32.8125,62.5,stop
ZS,2025-03-18,2025-03-19,199.5657,closed,2025-04-03,189.228125,50.0,-536.3184412499999,-0.05374855912113152,22.3958,3,cr056-policy-2.0.0-candidate,12.5,14.0625,68.75,stop
DLB,2025-03-19,2025-03-20,79.3118,closed,2025-04-03,75.43,126.0,-508.6042667999996,-0.05089459323833272,21.875,1,cr056-policy-2.0.0-candidate,12.5,28.125,37.5,stop
STLD,2025-03-20,2025-03-21,121.77117975055026,closed,2025-04-03,117.87068,82.0,-339.4916120446677,-0.03399935533828247,32.5521,1,cr056-policy-2.0.0-candidate,26.5625,32.8125,50.0,stop
DPZ,2025-03-21,2025-03-24,457.88440297828504,closed,2025-04-04,423.70722,21.0,-736.2342666265298,-0.07656686791082065,26.3021,1,cr056-policy-2.0.0-candidate,32.8125,4.6875,50.0,stop
PINS,2025-03-25,2025-03-26,34.48,closed,2025-03-27,32.112755,290.0,-705.8129489499989,-0.07058694185034793,35.6771,1,cr056-policy-2.0.0-candidate,32.8125,32.8125,50.0,stop
KDP,2025-03-26,2025-03-27,32.625802510216,skipped,,,,,,55.2083,1,cr056-policy-2.0.0-candidate,43.75,68.75,62.5,cash_or_whole_share_insufficient
EXPD,2025-03-27,2025-03-28,117.89863760126953,closed,2025-04-03,111.315205,84.0,-572.2623012851458,-0.05778392848703644,42.9688,1,cr056-policy-2.0.0-candidate,31.25,46.875,70.3125,stop
BIDU,2025-03-27,2025-03-28,95.22,skipped,,,,,,40.625,2,cr056-policy-2.0.0-candidate,18.75,75.0,37.5,cash_or_whole_share_insufficient
JKHY,2025-03-31,2025-04-01,178.96789037061185,skipped,,,,,,45.5729,1,cr056-policy-2.0.0-candidate,50.0,39.0625,45.3125,cash_or_whole_share_insufficient
TAP,2025-03-31,2025-04-01,58.03846734160679,skipped,,,,,,41.6667,2,cr056-policy-2.0.0-candidate,25.0,56.25,62.5,cash_or_whole_share_insufficient
ABT,2025-03-31,2025-04-01,128.31405780241477,skipped,,,,,,26.5625,3,cr056-policy-2.0.0-candidate,25.0,23.4375,37.5,cash_or_whole_share_insufficient
KMB,2025-04-02,2025-04-03,136.94472180140477,skipped,,,,,,34.375,1,cr056-policy-2.0.0-candidate,37.5,18.75,56.25,cash_or_whole_share_insufficient
O,2025-04-15,2025-04-16,53.02184596577017,closed,2025-06-12,54.4248,188.0,243.5553889936433,0.02443346444596466,38.151,1,cr056-policy-2.0.0-candidate,32.8125,43.359375,43.75,time_40d
ASND,2025-04-16,2025-04-17,158.76,closed,2025-06-13,170.8,62.0,726.0472800000014,0.0737619047619049,20.7031,1,cr056-policy-2.0.0-candidate,12.5,24.609375,37.5,time_40d
LKQ,2025-04-17,2025-04-21,39.37769487988353,closed,2025-04-24,37.513125,253.0,-491.189557040143,-0.04930356400204687,48.4375,1,cr056-policy-2.0.0-candidate,43.75,51.5625,56.25,stop
VZ,2025-04-17,2025-04-21,40.71547915210808,closed,2025-06-16,39.1495,245.0,-403.23181215874547,-0.040423056919249606,31.25,2,cr056-policy-2.0.0-candidate,25.0,37.5,37.5,time_40d
VRTX,2025-04-17,2025-04-21,488.0,closed,2025-05-06,463.86733,20.0,-501.69074660000103,-0.05140274043032798,23.8281,3,cr056-policy-2.0.0-candidate,12.5,24.609375,56.25,stop
GSK,2025-04-22,2025-04-23,35.03530434782609,closed,2025-06-02,39.693093,285.0,1306.1721726254318,0.13081262857961876,38.5417,1,cr056-policy-2.0.0-candidate,37.5,28.125,62.5,target
VALE,2025-04-23,2025-04-24,8.659427794871796,closed,2025-06-20,8.0798,1154.0,-688.2075441573347,-0.06886910276217588,26.0417,1,cr056-policy-2.0.0-candidate,12.5,28.125,62.5,time_40d
CWEN,2025-04-28,2025-04-29,27.663078282828284,closed,2025-06-25,30.0474,361.0,839.9066572388886,0.0841052906369108,32.2917,1,cr056-policy-2.0.0-candidate,37.5,28.125,25.0,time_40d
HSY,2025-04-30,2025-05-01,158.87376474002275,closed,2025-05-16,151.13778,62.0,-498.8517696552919,-0.050643958100502304,28.125,1,cr056-policy-2.0.0-candidate,25.0,9.375,75.0,stop
CVS,2025-05-08,2025-05-09,64.93817283858445,closed,2025-05-12,60.72096,153.0,-664.4594116277237,-0.06687702751073737,35.4167,1,cr056-policy-2.0.0-candidate,43.75,9.375,62.5,stop
MOH,2025-05-12,2025-05-13,322.03,closed,2025-05-15,306.17,31.0,-511.13419999999803,-0.05120081979939738,42.7083,1,cr056-policy-2.0.0-candidate,43.75,37.5,50.0,stop_gap
HRL,2025-05-15,2025-05-16,28.360294267933178,closed,2025-07-15,27.7582,352.0,-231.69089229479087,-0.023208953898103513,31.25,1,cr056-policy-2.0.0-candidate,25.0,28.125,56.25,time_40d
SJM,2025-05-19,2025-05-20,108.19235028273161,closed,2025-06-10,99.85232,92.0,-786.4228956773197,-0.07900812701338172,33.3333,1,cr056-policy-2.0.0-candidate,25.0,37.5,50.0,stop_gap
EG,2025-05-20,2025-05-21,336.93195372507563,skipped,,,,,,39.5833,1,cr056-policy-2.0.0-candidate,31.25,37.5,68.75,cash_or_whole_share_insufficient
AWK,2025-05-23,2025-05-27,139.02027371803828,skipped,,,,,,40.1042,1,cr056-policy-2.0.0-candidate,37.5,32.8125,62.5,cash_or_whole_share_insufficient
PLPC,2025-05-23,2025-05-27,138.24937043963712,skipped,,,,,,37.5,2,cr056-policy-2.0.0-candidate,12.5,56.25,75.0,cash_or_whole_share_insufficient
SCCO,2025-06-04,2025-06-05,89.36442453584989,closed,2025-08-01,84.6636,111.0,-541.1086342028157,-0.05455025963301656,35.4167,1,cr056-policy-2.0.0-candidate,37.5,25.0,50.0,time_40d
KNSL,2025-06-13,2025-06-16,477.5073465279402,closed,2025-07-30,442.306605,20.0,-722.4111095893633,-0.07564397855259941,25.5208,1,cr056-policy-2.0.0-candidate,6.25,32.8125,68.75,stop
CACI,2025-06-16,2025-06-17,445.38,closed,2025-07-02,490.37324,22.0,969.2647087199989,0.09892111626027202,41.1458,1,cr056-policy-2.0.0-candidate,56.25,14.0625,50.0,target
PAGS,2025-06-16,2025-06-17,8.741127537796975,closed,2025-07-18,7.92281,1144.0,-955.2188077829794,-0.09552331455230231,32.1615,2,cr056-policy-2.0.0-candidate,25.0,52.734375,12.5,stop
LDOS,2025-06-17,2025-06-18,147.8964654870239,closed,2025-08-05,164.957496,67.0,1122.1278289497682,0.11324257477240741,32.2917,1,cr056-policy-2.0.0-candidate,25.0,28.125,62.5,target
SBAC,2025-06-20,2025-06-23,223.40367183495644,closed,2025-08-05,210.84262,44.0,-571.7931175788202,-0.05816958163692083,38.5417,1,cr056-policy-2.0.0-candidate,43.75,18.75,62.5,stop
WYNN,2025-06-23,2025-06-24,89.64343121908321,closed,2025-07-03,104.284274,111.0,1603.6075734024462,0.16115977355206668,39.5833,1,cr056-policy-2.0.0-candidate,25.0,50.0,62.5,target
CHTR,2025-06-25,2025-06-26,398.03,closed,2025-07-25,329.0,25.0,-1743.9257499999999,-0.17525570936864054,37.5,1,cr056-policy-2.0.0-candidate,43.75,18.75,56.25,stop_gap
CSL,2025-06-26,2025-06-27,372.74128255329384,skipped,,,,,,35.2865,1,cr056-policy-2.0.0-candidate,37.5,15.234375,68.75,cash_or_whole_share_insufficient
UHS,2025-06-27,2025-06-30,176.91243826662986,skipped,,,,,,37.3698,1,cr056-policy-2.0.0-candidate,37.5,24.609375,62.5,cash_or_whole_share_insufficient
CDNS,2025-06-27,2025-06-30,306.12,skipped,,,,,,33.8542,2,cr056-policy-2.0.0-candidate,31.25,23.4375,62.5,cash_or_whole_share_insufficient
LYFT,2025-06-30,2025-07-01,15.72,skipped,,,,,,37.5,1,cr056-policy-2.0.0-candidate,43.75,25.0,43.75,cash_or_whole_share_insufficient
NOC,2025-07-01,2025-07-02,485.38750290639405,skipped,,,,,,37.2396,1,cr056-policy-2.0.0-candidate,37.5,30.46875,50.0,cash_or_whole_share_insufficient
BNTX,2025-07-03,2025-07-07,110.5,closed,2025-08-29,100.685085,90.0,-902.3490076500009,-0.09073393742081456,55.9896,1,cr056-policy-2.0.0-candidate,57.8125,56.25,50.0,stop
BP,2025-07-09,2025-07-10,29.144803648477158,closed,2025-08-25,33.070851,343.0,1325.2942720279061,0.1325736053492421,33.3333,1,cr056-policy-2.0.0-candidate,25.0,31.25,62.5,target
ETSY,2025-07-10,2025-07-11,58.01,skipped,,,,,,46.875,1,cr056-policy-2.0.0-candidate,53.125,42.1875,37.5,cash_or_whole_share_insufficient
FRO,2025-07-10,2025-07-11,16.900950524109017,skipped,,,,,,20.8333,2,cr056-policy-2.0.0-candidate,18.75,9.375,50.0,cash_or_whole_share_insufficient
CF,2025-07-14,2025-07-15,94.8753085088634,skipped,,,,,,28.6458,1,cr056-policy-2.0.0-candidate,43.75,4.6875,31.25,cash_or_whole_share_insufficient
TNK,2025-07-14,2025-07-15,42.54626368869445,skipped,,,,,,27.0833,2,cr056-policy-2.0.0-candidate,25.0,18.75,50.0,cash_or_whole_share_insufficient
HL,2025-07-15,2025-07-16,6.1223629568106315,closed,2025-08-01,5.6411,1633.0,-805.1121434802338,-0.08052878002258765,33.3333,1,cr056-policy-2.0.0-candidate,31.25,25.0,56.25,stop
ACAD,2025-07-17,2025-07-18,22.72,skipped,,,,,,40.625,1,cr056-policy-2.0.0-candidate,56.25,18.75,37.5,cash_or_whole_share_insufficient
MZTI,2025-07-18,2025-07-21,174.1728576899595,closed,2025-09-15,178.4801,57.0,225.4115930839804,0.02270496910253372,43.75,1,cr056-policy-2.0.0-candidate,25.0,62.5,62.5,time_40d
CDW,2025-07-23,2025-07-24,175.5914876071448,skipped,,,,,,39.5833,1,cr056-policy-2.0.0-candidate,37.5,37.5,50.0,cash_or_whole_share_insufficient
SAIC,2025-07-23,2025-07-24,114.33488250282633,skipped,,,,,,36.4583,2,cr056-policy-2.0.0-candidate,18.75,50.0,62.5,cash_or_whole_share_insufficient
BG,2025-07-23,2025-07-24,75.29192460678539,skipped,,,,,,21.224,3,cr056-policy-2.0.0-candidate,12.5,19.921875,50.0,cash_or_whole_share_insufficient
MOD,2025-07-24,2025-07-25,99.6,skipped,,,,,,27.6042,1,cr056-policy-2.0.0-candidate,18.75,23.4375,62.5,cash_or_whole_share_insufficient
CNQ,2025-07-28,2025-07-29,30.432610766366743,closed,2025-08-11,28.61058,328.0,-616.9922579396609,-0.06181112660935492,23.9583,1,cr056-policy-2.0.0-candidate,12.5,28.125,50.0,stop
ELF,2025-07-28,2025-07-29,121.0,skipped,,,,,,17.7083,2,cr056-policy-2.0.0-candidate,18.75,9.375,31.25,cash_or_whole_share_insufficient
FSLR,2025-08-01,2025-08-04,184.295,closed,2025-08-18,220.40647,54.0,1928.1655006200017,0.19374789619902894,32.0312,1,cr056-policy-2.0.0-candidate,39.0625,18.75,37.5,target
ENS,2025-08-08,2025-08-11,95.24127433693259,closed,2025-09-23,112.347303,104.0,1757.437768915969,0.17742769826818253,41.6667,1,cr056-policy-2.0.0-candidate,25.0,50.0,75.0,target
MITK,2025-08-08,2025-08-11,9.94,closed,2025-10-06,9.65,1006.0,-311.4475399999998,-0.031145875251509032,31.25,2,cr056-policy-2.0.0-candidate,6.25,50.0,68.75,time_40d
WING,2025-08-12,2025-08-13,338.9586916814986,closed,2025-08-21,312.947005,29.0,-773.244178967222,-0.07866325022057385,31.7708,1,cr056-policy-2.0.0-candidate,37.5,14.0625,50.0,stop
LFUS,2025-08-12,2025-08-13,253.8536157846784,closed,2025-10-08,256.602,39.0,87.27921538193942,0.008815823216144951,30.7292,2,cr056-policy-2.0.0-candidate,18.75,32.8125,62.5,time_40d
AN,2025-08-12,2025-08-13,206.82,skipped,,,,,,16.9271,3,cr056-policy-2.0.0-candidate,12.5,9.375,45.3125,cash_or_whole_share_insufficient
ARW,2025-08-13,2025-08-14,125.96,skipped,,,,,,42.7083,1,cr056-policy-2.0.0-candidate,50.0,28.125,50.0,cash_or_whole_share_insufficient
NEE,2025-08-13,2025-08-14,69.77997895902547,skipped,,,,,,36.0677,2,cr056-policy-2.0.0-candidate,32.8125,33.984375,50.0,cash_or_whole_share_insufficient
ALLY,2025-08-13,2025-08-14,37.41796091540241,skipped,,,,,,27.9948,3,cr056-policy-2.0.0-candidate,18.75,24.609375,62.5,cash_or_whole_share_insufficient
DBRG,2025-08-13,2025-08-14,11.318438502673796,skipped,,,,,,20.8333,4,cr056-policy-2.0.0-candidate,12.5,18.75,50.0,cash_or_whole_share_insufficient
TXT,2025-08-14,2025-08-15,80.50707045252884,skipped,,,,,,36.9792,1,cr056-policy-2.0.0-candidate,31.25,32.8125,62.5,cash_or_whole_share_insufficient
AMAT,2025-08-14,2025-08-15,161.34265795004947,skipped,,,,,,25.0,2,cr056-policy-2.0.0-candidate,12.5,18.75,75.0,original_plan_not_executable
EOG,2025-08-14,2025-08-15,115.79471663164972,skipped,,,,,,21.875,3,cr056-policy-2.0.0-candidate,6.25,37.5,37.5,cash_or_whole_share_insufficient
SEDG,2025-08-15,2025-08-18,31.145,skipped,,,,,,36.4583,1,cr056-policy-2.0.0-candidate,37.5,37.5,31.25,cash_or_whole_share_insufficient
DD,2025-08-18,2025-08-19,90.57193318642574,closed,2025-10-06,101.30822,110.0,1159.8847326426635,0.11642024509606216,36.9792,1,cr056-policy-2.0.0-candidate,25.0,42.1875,62.5,target
HST,2025-08-18,2025-08-19,14.672509609423434,closed,2025-09-04,16.257389,681.0,1058.2396040296237,0.10590890947306768,35.9375,2,cr056-policy-2.0.0-candidate,25.0,42.1875,56.25,target
CSIQ,2025-08-18,2025-08-19,12.75,skipped,,,,,,35.4167,3,cr056-policy-2.0.0-candidate,25.0,37.5,62.5,cash_or_whole_share_insufficient
WTFC,2025-08-18,2025-08-19,126.2137582994686,skipped,,,,,,26.0417,4,cr056-policy-2.0.0-candidate,18.75,18.75,62.5,cash_or_whole_share_insufficient
PSX,2025-08-18,2025-08-19,118.05413166080052,skipped,,,,,,24.7396,5,cr056-policy-2.0.0-candidate,20.3125,18.75,50.0,cash_or_whole_share_insufficient
TKR,2025-08-19,2025-08-20,75.530991616135,skipped,,,,,,43.2292,1,cr056-policy-2.0.0-candidate,37.5,42.1875,62.5,cash_or_whole_share_insufficient
MGM,2025-08-19,2025-08-20,36.41,skipped,,,,,,31.7708,2,cr056-policy-2.0.0-candidate,25.0,32.8125,50.0,cash_or_whole_share_insufficient
ZION,2025-08-20,2025-08-21,51.75043517757009,skipped,,,,,,35.4167,1,cr056-policy-2.0.0-candidate,37.5,18.75,62.5,cash_or_whole_share_insufficient
MCHP,2025-08-20,2025-08-21,64.28886361573375,skipped,,,,,,31.25,2,cr056-policy-2.0.0-candidate,37.5,18.75,37.5,cash_or_whole_share_insufficient
NCNO,2025-08-20,2025-08-21,27.62,skipped,,,,,,28.125,3,cr056-policy-2.0.0-candidate,18.75,18.75,75.0,cash_or_whole_share_insufficient
RIOT,2025-08-21,2025-08-22,12.19,skipped,,,,,,42.1875,1,cr056-policy-2.0.0-candidate,37.5,42.1875,56.25,cash_or_whole_share_insufficient
AGIO,2025-08-21,2025-08-22,38.25,skipped,,,,,,26.0417,2,cr056-policy-2.0.0-candidate,31.25,18.75,25.0,cash_or_whole_share_insufficient
OVV,2025-08-22,2025-08-25,39.8169203685742,skipped,,,,,,35.4167,1,cr056-policy-2.0.0-candidate,18.75,50.0,56.25,cash_or_whole_share_insufficient
MARA,2025-08-22,2025-08-25,15.85,skipped,,,,,,35.4167,2,cr056-policy-2.0.0-candidate,18.75,37.5,81.25,cash_or_whole_share_insufficient
PR,2025-08-22,2025-08-25,13.271893992932862,skipped,,,,,,34.375,3,cr056-policy-2.0.0-candidate,6.25,62.5,62.5,cash_or_whole_share_insufficient
VSH,2025-08-22,2025-08-25,15.156842352941176,skipped,,,,,,32.8125,4,cr056-policy-2.0.0-candidate,43.75,14.0625,37.5,cash_or_whole_share_insufficient
H,2025-08-22,2025-08-25,143.13377691600678,skipped,,,,,,27.0833,5,cr056-policy-2.0.0-candidate,25.0,18.75,50.0,cash_or_whole_share_insufficient
ON,2025-08-22,2025-08-25,51.64,skipped,,,,,,25.5208,6,cr056-policy-2.0.0-candidate,12.5,32.8125,50.0,cash_or_whole_share_insufficient
MTDR,2025-08-22,2025-08-25,46.79731160153877,skipped,,,,,,21.875,7,cr056-policy-2.0.0-candidate,12.5,18.75,56.25,cash_or_whole_share_insufficient
SPHR,2025-08-22,2025-08-25,42.48,skipped,,,,,,17.4479,8,cr056-policy-2.0.0-candidate,20.3125,9.375,25.0,cash_or_whole_share_insufficient
MXL,2025-08-25,2025-08-26,16.69,closed,2025-10-10,15.021,599.0,-1018.7258890000015,-0.10190000000000014,26.5625,1,cr056-policy-2.0.0-candidate,31.25,14.0625,37.5,stop
CRL,2025-08-25,2025-08-26,164.7,closed,2025-09-08,154.319805,60.0,-641.9528883000002,-0.06496183852459018,26.0417,2,cr056-policy-2.0.0-candidate,25.0,9.375,62.5,stop
TEX,2025-08-25,2025-08-26,50.58575047324705,skipped,,,,,,26.0417,3,cr056-policy-2.0.0-candidate,18.75,18.75,62.5,cash_or_whole_share_insufficient
ORIC,2025-08-26,2025-08-27,9.9,skipped,,,,,,33.8542,1,cr056-policy-2.0.0-candidate,37.5,14.0625,62.5,cash_or_whole_share_insufficient
PBR,2025-08-26,2025-08-27,11.249925409836067,skipped,,,,,,29.0365,2,cr056-policy-2.0.0-candidate,25.0,24.609375,50.0,cash_or_whole_share_insufficient
ASX,2025-08-26,2025-08-27,9.870698003992016,skipped,,,,,,25.5208,3,cr056-policy-2.0.0-candidate,12.5,32.8125,50.0,cash_or_whole_share_insufficient
AMKR,2025-08-27,2025-08-28,24.379798377939984,skipped,,,,,,51.0417,1,cr056-policy-2.0.0-candidate,43.75,62.5,50.0,cash_or_whole_share_insufficient
WBD,2025-08-27,2025-08-28,12.19,skipped,,,,,,46.3542,2,cr056-policy-2.0.0-candidate,50.0,32.8125,62.5,cash_or_whole_share_insufficient
FLS,2025-08-27,2025-08-28,54.48630732821638,skipped,,,,,,28.6458,3,cr056-policy-2.0.0-candidate,25.0,23.4375,50.0,cash_or_whole_share_insufficient
ZBRA,2025-08-28,2025-08-29,321.66,skipped,,,,,,34.6354,1,cr056-policy-2.0.0-candidate,32.8125,23.4375,62.5,cash_or_whole_share_insufficient
EMR,2025-08-28,2025-08-29,131.65220254545454,skipped,,,,,,22.3958,2,cr056-policy-2.0.0-candidate,12.5,23.4375,50.0,cash_or_whole_share_insufficient
DDOG,2025-08-28,2025-08-29,139.96,skipped,,,,,,19.2708,3,cr056-policy-2.0.0-candidate,18.75,4.6875,50.0,cash_or_whole_share_insufficient
BEPC,2025-08-28,2025-08-29,32.98574053412463,skipped,,,,,,17.7083,4,cr056-policy-2.0.0-candidate,18.75,0.0,50.0,cash_or_whole_share_insufficient
BURL,2025-08-29,2025-09-02,287.85,skipped,,,,,,22.9167,1,cr056-policy-2.0.0-candidate,12.5,18.75,62.5,cash_or_whole_share_insufficient
AIR,2025-09-02,2025-09-03,76.13,skipped,,,,,,22.3958,1,cr056-policy-2.0.0-candidate,18.75,14.0625,50.0,cash_or_whole_share_insufficient
XPO,2025-09-08,2025-09-09,132.14,closed,2025-09-26,123.16446,75.0,-692.3133344999973,-0.06985654956863906,23.1771,1,cr056-policy-2.0.0-candidate,12.5,25.78125,50.0,stop
CRSP,2025-09-11,2025-09-12,56.1,closed,2025-09-30,64.97572,178.0,1558.3266818399984,0.15605426524064153,26.3021,1,cr056-policy-2.0.0-candidate,25.0,18.75,45.3125,target
FDX,2025-09-12,2025-09-15,183.92391264123356,closed,2025-11-07,208.0297,54.0,1280.5470222907609,0.12893284731486754,43.2292,1,cr056-policy-2.0.0-candidate,43.75,32.8125,62.5,time_40d
FCNCA,2025-09-12,2025-09-15,1965.1166123871355,skipped,,,,,,42.7083,2,cr056-policy-2.0.0-candidate,43.75,43.75,37.5,cash_or_whole_share_insufficient
TTEK,2025-09-15,2025-09-16,35.90519879352893,closed,2025-09-23,34.084385,278.0,-525.643338895645,-0.05266099174649986,46.3542,1,cr056-policy-2.0.0-candidate,53.125,28.125,62.5,stop
ILMN,2025-09-16,2025-09-17,101.76,skipped,,,,,,26.0417,1,cr056-policy-2.0.0-candidate,12.5,28.125,62.5,cash_or_whole_share_insufficient
VICR,2025-09-17,2025-09-18,53.3,skipped,,,,,,36.4583,1,cr056-policy-2.0.0-candidate,56.25,0.0,50.0,cash_or_whole_share_insufficient
ORKA,2025-09-18,2025-09-19,16.62,skipped,,,,,,17.7083,1,cr056-policy-2.0.0-candidate,12.5,9.375,50.0,cash_or_whole_share_insufficient
GBX,2025-09-18,2025-09-19,45.72954781195841,skipped,,,,,,16.6667,2,cr056-policy-2.0.0-candidate,12.5,0.0,62.5,cash_or_whole_share_insufficient
ROCK,2025-09-19,2025-09-22,61.38,skipped,,,,,,49.8698,1,cr056-policy-2.0.0-candidate,50.0,33.984375,81.25,cash_or_whole_share_insufficient
MANH,2025-09-19,2025-09-22,214.94,skipped,,,,,,41.6667,2,cr056-policy-2.0.0-candidate,50.0,18.75,62.5,cash_or_whole_share_insufficient
KSS,2025-09-19,2025-09-22,16.954309058614566,skipped,,,,,,36.4583,3,cr056-policy-2.0.0-candidate,31.25,43.75,37.5,cash_or_whole_share_insufficient
IDYA,2025-09-19,2025-09-22,25.87,skipped,,,,,,34.8958,4,cr056-policy-2.0.0-candidate,37.5,23.4375,50.0,cash_or_whole_share_insufficient
ALB,2025-09-19,2025-09-22,79.796019656631,skipped,,,,,,29.0365,5,cr056-policy-2.0.0-candidate,31.25,24.609375,31.25,cash_or_whole_share_insufficient
XYZ,2025-09-19,2025-09-22,76.5,skipped,,,,,,21.875,6,cr056-policy-2.0.0-candidate,18.75,18.75,37.5,cash_or_whole_share_insufficient
RACE,2025-09-23,2025-09-24,474.0608036995422,closed,2025-10-09,414.399117,21.0,-1271.5530790250777,-0.1277265408734746,27.0833,1,cr056-policy-2.0.0-candidate,12.5,31.25,62.5,stop_gap
KHC,2025-09-24,2025-09-25,25.569462417667573,closed,2025-10-06,24.003555,391.0,-631.6528501183302,-0.06318007037836684,34.375,1,cr056-policy-2.0.0-candidate,25.0,28.125,75.0,stop
EBS,2025-09-25,2025-09-26,8.87,skipped,,,,,,39.5833,1,cr056-policy-2.0.0-candidate,50.0,28.125,31.25,cash_or_whole_share_insufficient
WST,2025-09-30,2025-10-01,263.3968313609904,closed,2025-10-23,307.511644,37.0,1611.1244540549985,0.16531673497609717,17.7083,1,cr056-policy-2.0.0-candidate,6.25,28.125,31.25,target
VVX,2025-10-01,2025-10-02,58.05,closed,2025-11-04,53.416125,172.0,-816.1986734999999,-0.08174575581395348,40.2344,1,cr056-policy-2.0.0-candidate,56.25,19.921875,32.8125,stop
VTRS,2025-10-02,2025-10-03,9.831442394504418,skipped,,,,,,40.1042,1,cr056-policy-2.0.0-candidate,37.5,32.8125,62.5,cash_or_whole_share_insufficient
PEP,2025-10-02,2025-10-03,138.18067095365544,skipped,,,,,,35.4167,2,cr056-policy-2.0.0-candidate,25.0,37.5,62.5,cash_or_whole_share_insufficient
HUM,2025-10-03,2025-10-06,281.34305435975614,skipped,,,,,,41.1458,1,cr056-policy-2.0.0-candidate,34.375,43.75,56.25,cash_or_whole_share_insufficient
TROW,2025-10-07,2025-10-08,102.09129361179362,closed,2025-10-31,96.077205,97.0,-602.5889397093235,-0.06085001855327413,39.5833,1,cr056-policy-2.0.0-candidate,37.5,37.5,50.0,stop
GPRE,2025-10-07,2025-10-08,10.03,closed,2025-10-10,9.07041,997.0,-975.754338769999,-0.09757631206380847,27.6042,2,cr056-policy-2.0.0-candidate,31.25,23.4375,25.0,stop
DAL,2025-10-09,2025-10-10,59.281488169798195,closed,2025-12-05,66.5767,168.0,1204.451411861377,0.12093747750557544,21.3542,1,cr056-policy-2.0.0-candidate,12.5,14.0625,62.5,time_40d
ZBH,2025-10-15,2025-10-16,98.724995356285,closed,2025-11-05,89.935756,101.0,-906.7679108717716,-0.09093847080206273,25.0,1,cr056-policy-2.0.0-candidate,12.5,18.75,75.0,stop_gap
LIVN,2025-10-16,2025-10-17,53.94,closed,2025-11-06,50.394555,185.0,-675.2092176750001,-0.0676636921579533,38.5417,1,cr056-policy-2.0.0-candidate,37.5,28.125,62.5,stop
SYNA,2025-10-16,2025-10-17,69.07,closed,2025-11-07,65.212655,144.0,-574.7943823199978,-0.057791047560445716,23.9583,2,cr056-policy-2.0.0-candidate,18.75,18.75,50.0,stop
DHT,2025-10-17,2025-10-20,10.621524671052631,skipped,,,,,,38.0208,1,cr056-policy-2.0.0-candidate,37.5,39.0625,37.5,cash_or_whole_share_insufficient
WMS,2025-10-17,2025-10-20,141.08114742376443,skipped,,,,,,25.7812,2,cr056-policy-2.0.0-candidate,26.5625,9.375,56.25,cash_or_whole_share_insufficient
MTX,2025-10-21,2025-10-22,61.53535997355809,skipped,,,,,,29.1667,1,cr056-policy-2.0.0-candidate,18.75,28.125,62.5,cash_or_whole_share_insufficient
DCH,2025-10-22,2025-10-23,6.21,skipped,,,,,,47.9167,1,cr056-policy-2.0.0-candidate,56.25,37.5,43.75,cash_or_whole_share_insufficient
PVH,2025-10-22,2025-10-23,85.16855081929381,skipped,,,,,,30.2083,2,cr056-policy-2.0.0-candidate,31.25,18.75,50.0,cash_or_whole_share_insufficient
BXP,2025-10-23,2025-10-24,71.8273495820976,closed,2025-11-05,66.59614,139.0,-746.3789969634778,-0.07475749979528738,47.9167,1,cr056-policy-2.0.0-candidate,50.0,37.5,62.5,stop
AEO,2025-10-23,2025-10-24,16.408606397103195,closed,2025-11-25,19.545159,609.0,1888.2646920373197,0.18896174132418028,34.375,2,cr056-policy-2.0.0-candidate,50.0,9.375,37.5,target
ESI,2025-10-23,2025-10-24,26.159370129870133,skipped,,,,,,27.3438,3,cr056-policy-2.0.0-candidate,20.3125,32.8125,37.5,cash_or_whole_share_insufficient
SWKS,2025-10-23,2025-10-24,74.1151873987034,skipped,,,,,,22.9167,4,cr056-policy-2.0.0-candidate,12.5,18.75,62.5,cash_or_whole_share_insufficient
APA,2025-10-24,2025-10-27,23.616906726649532,skipped,,,,,,16.6667,1,cr056-policy-2.0.0-candidate,12.5,9.375,43.75,cash_or_whole_share_insufficient
PLAB,2025-10-27,2025-10-28,23.74,skipped,,,,,,23.9583,1,cr056-policy-2.0.0-candidate,18.75,18.75,50.0,cash_or_whole_share_insufficient
BIIB,2025-10-27,2025-10-28,150.01,skipped,,,,,,21.875,2,cr056-policy-2.0.0-candidate,12.5,28.125,37.5,cash_or_whole_share_insufficient
JD,2025-10-28,2025-10-29,33.838635564610016,skipped,,,,,,43.2292,1,cr056-policy-2.0.0-candidate,50.0,23.4375,62.5,cash_or_whole_share_insufficient
FANG,2025-10-29,2025-10-30,140.2517900668308,skipped,,,,,,27.0833,1,cr056-policy-2.0.0-candidate,12.5,43.75,37.5,cash_or_whole_share_insufficient
AMR,2025-10-29,2025-10-30,163.46,skipped,,,,,,20.8333,2,cr056-policy-2.0.0-candidate,18.75,18.75,31.25,cash_or_whole_share_insufficient
KURA,2025-10-30,2025-10-31,10.48,skipped,,,,,,13.5417,1,cr056-policy-2.0.0-candidate,12.5,0.0,43.75,cash_or_whole_share_insufficient
MNKD,2025-10-31,2025-11-03,5.6,closed,2025-11-10,5.2,1785.0,-733.278,-0.07335714285714286,40.625,1,cr056-policy-2.0.0-candidate,43.75,28.125,56.25,stop_gap
EH,2025-10-31,2025-11-03,18.36,skipped,,,,,,40.1042,2,cr056-policy-2.0.0-candidate,31.25,45.3125,56.25,cash_or_whole_share_insufficient
MGA,2025-10-31,2025-11-03,45.833877410188755,skipped,,,,,,32.2917,3,cr056-policy-2.0.0-candidate,31.25,37.5,25.0,cash_or_whole_share_insufficient
ALKS,2025-11-07,2025-11-10,32.89,closed,2025-11-12,27.97,304.0,-1514.1814400000003,-0.15143995135299487,34.375,1,cr056-policy-2.0.0-candidate,31.25,37.5,37.5,stop_gap
ONTO,2025-11-10,2025-11-11,140.34,closed,2025-11-14,124.91,71.0,-1114.3627499999989,-0.1118373236425822,36.9792,1,cr056-policy-2.0.0-candidate,50.0,18.75,34.375,stop_gap
AAON,2025-11-11,2025-11-12,104.58388132105057,closed,2025-11-13,94.78701,95.0,-949.6430101753051,-0.09558109802489799,27.0833,1,cr056-policy-2.0.0-candidate,18.75,37.5,31.25,stop
ARRY,2025-11-11,2025-11-12,9.32,closed,2025-11-12,8.388,1072.0,-1018.0869760000012,-0.10190000000000012,23.9583,2,cr056-policy-2.0.0-candidate,31.25,9.375,31.25,stop
VFC,2025-11-12,2025-11-13,15.163255235602096,closed,2025-11-17,13.894985,659.0,-854.9394655770423,-0.08555738564577312,13.5417,1,cr056-policy-2.0.0-candidate,12.5,9.375,25.0,stop
DHR,2025-11-14,2025-11-17,218.26749128107423,open,,,45.0,426.3453552440108,0.04340701939641616,40.625,1,cr056-policy-2.0.0-candidate,37.5,50.0,31.25,
XENE,2025-11-19,2025-11-20,41.36,open,,,241.0,823.8922400000006,0.08265570599613159,22.9167,1,cr056-policy-2.0.0-candidate,18.75,9.375,62.5,
FTV,2025-11-21,2025-11-24,52.69142436141823,open,,,189.0,444.5061164876463,0.0446350472154336,41.6667,1,cr056-policy-2.0.0-candidate,25.0,62.5,50.0,
WK,2025-11-24,2025-11-25,91.23,open,,,109.0,-552.7640699999997,-0.05558730680697137,49.2188,1,cr056-policy-2.0.0-candidate,64.0625,37.5,28.125,
TECH,2025-11-24,2025-11-25,63.684811693242224,closed,2025-12-15,57.316331,157.0,-1018.8486482418687,-0.10189999253187845,36.4583,2,cr056-policy-2.0.0-candidate,37.5,28.125,50.0,stop
KNX,2025-11-25,2025-11-26,44.62969727074236,closed,2025-12-03,49.469622,224.0,1063.0648918370653,0.10633783557160924,32.8125,1,cr056-policy-2.0.0-candidate,31.25,23.4375,56.25,target
CRNX,2025-11-25,2025-11-26,44.51,open,,,224.0,446.98975999999914,0.0448323972141091,30.599,2,cr056-policy-2.0.0-candidate,31.25,19.921875,50.0,
TECK,2025-11-26,2025-11-28,42.8954020051294,skipped,,,,,,36.4583,1,cr056-policy-2.0.0-candidate,37.5,28.125,50.0,cash_or_whole_share_insufficient
LBRT,2025-12-01,2025-12-02,18.22137231759657,skipped,,,,,,30.4688,1,cr056-policy-2.0.0-candidate,37.5,18.75,32.8125,cash_or_whole_share_insufficient
NTCT,2025-12-03,2025-12-04,27.04,open,,,369.0,-2.5977600000008003,-0.00026035502958587903,33.3333,1,cr056-policy-2.0.0-candidate,37.5,18.75,50.0,
AVY,2025-12-03,2025-12-04,174.30371469478735,skipped,,,,,,18.75,2,cr056-policy-2.0.0-candidate,12.5,18.75,37.5,cash_or_whole_share_insufficient
QCOM,2025-12-03,2025-12-04,172.58040072268426,skipped,,,,,,15.1042,3,cr056-policy-2.0.0-candidate,12.5,14.0625,25.0,cash_or_whole_share_insufficient
VKTX,2025-12-08,2025-12-09,37.86,closed,2025-12-17,34.591685,264.0,-881.9624048399987,-0.08824000752773364,26.3021,1,cr056-policy-2.0.0-candidate,25.0,25.0,32.8125,stop
ICLN,2025-12-11,2025-12-12,16.882719879518067,skipped,,,,,,33.8542,1,cr056-policy-2.0.0-candidate,31.25,23.4375,62.5,cash_or_whole_share_insufficient
TAN,2025-12-11,2025-12-12,49.87,skipped,,,,,,28.6458,2,cr056-policy-2.0.0-candidate,25.0,23.4375,50.0,cash_or_whole_share_insufficient
FICO,2025-12-12,2025-12-15,1845.0,skipped,,,,,,36.4583,1,cr056-policy-2.0.0-candidate,25.0,43.75,56.25,cash_or_whole_share_insufficient
BEAM,2025-12-22,2025-12-23,27.63,open,,,361.0,22.515569999999784,0.0022573289902279915,36.4583,1,cr056-policy-2.0.0-candidate,50.0,18.75,31.25,
