complete,days,excess_median,filled,filled_within,mae_median,method,mfe_median,missed_no_fill,missed_prior_high,paired_excess,paired_excess_ci95,paired_mae,paired_mae_ci95,paired_mfe,paired_mfe_ci95,paired_n,paired_return,paired_return_ci95,paired_symbols,period,return_mean,return_median,sample_warning,setups,statuses,target_available,timeframe,wait_mean,wait_median,waiting_end_return_median,waiting_mfe_median,win_rate
637,5,-0.0004732180428610455,637,"{""20"": 637, ""30"": 637, ""60"": 637}",-0.026666666666666727,direct,0.027932960893854775,1,5,0.0,,0.0,,0.0,,637,0.0,,493,all,-0.0015258272951837503,0.0,False,641,"{""filled"": 637, ""gap_invalidated"": 4}",402,daily,1,1,0.0,0,0.49921507064364207
277,5,0.0005615123809632472,277,"{""20"": 277, ""30"": 277, ""60"": 277}",-0.02593144560357663,direct,0.028744344307012337,1,1,0.0,,0.0,,0.0,,277,0.0,,237,2005-2009,0.0021666394457945464,-0.0007914899349859006,False,281,"{""filled"": 277, ""gap_invalidated"": 4}",167,daily,1,1,0.0,0,0.49458483754512633
78,5,0.009131454461909827,78,"{""20"": 78, ""30"": 78, ""60"": 78}",-0.015997886608498324,direct,0.02915615709939945,0,2,0.0,,0.0,,0.0,,78,0.0,,69,2010-2014,0.00017943261409249554,0.010438522466311162,False,78,"{""filled"": 78}",57,daily,1,1.0,0.0,0.0,0.5897435897435898
90,5,-0.008653679315925866,90,"{""20"": 90, ""30"": 90, ""60"": 90}",-0.029081789485325527,direct,0.023074174606269704,0,1,0.0,,0.0,,0.0,,90,0.0,,80,2015-2019,-0.007501983266083096,-0.010983541319772916,False,90,"{""filled"": 90}",60,daily,1,1.0,0.0,0.0,0.43333333333333335
192,5,-0.004576064044756412,192,"{""20"": 192, ""30"": 192, ""60"": 192}",-0.030723859502840067,direct,0.03183386707551583,0,1,0.0,,0.0,,0.0,,192,0.0,,171,2020-2025,-0.0047444185597337206,0.0006954340866952569,False,192,"{""filled"": 192}",118,daily,1,1.0,0.0,0.0,0.5
637,10,0.0005147760860642059,637,"{""20"": 637, ""30"": 637, ""60"": 637}",-0.04006453347674099,direct,0.043705408459847384,1,5,0.0,,0.0,,0.0,,637,0.0,,493,all,0.0046634859822080365,0.0033013930268137592,False,641,"{""filled"": 637, ""gap_invalidated"": 4}",402,daily,1,1,0.0,0,0.5133437990580848
277,10,0.0039664283256060084,277,"{""20"": 277, ""30"": 277, ""60"": 277}",-0.04186197642896494,direct,0.045168125957028016,1,1,0.0,,0.0,,0.0,,277,0.0,,237,2005-2009,0.009328166828697122,0.0031578731592394327,False,281,"{""filled"": 277, ""gap_invalidated"": 4}",167,daily,1,1,0.0,0,0.5126353790613718
78,10,0.0026668789899957357,78,"{""20"": 78, ""30"": 78, ""60"": 78}",-0.023502162731609988,direct,0.04152940031290464,0,2,0.0,,0.0,,0.0,,78,0.0,,69,2010-2014,0.0030677134561000654,0.01251002432127124,False,78,"{""filled"": 78}",57,daily,1,1.0,0.0,0.0,0.5769230769230769
90,10,-0.008396234319767715,90,"{""20"": 90, ""30"": 90, ""60"": 90}",-0.04796838471752274,direct,0.029945147283920948,0,1,0.0,,0.0,,0.0,,90,0.0,,80,2015-2019,-0.006097128457142243,-0.006215229534279165,False,90,"{""filled"": 90}",60,daily,1,1.0,0.0,0.0,0.4666666666666667
192,10,-0.004757272064339346,192,"{""20"": 192, ""30"": 192, ""60"": 192}",-0.04446342463448655,direct,0.0503213791455589,0,1,0.0,,0.0,,0.0,,192,0.0,,171,2020-2025,0.0036260326598146517,0.004344368317154013,False,192,"{""filled"": 192}",118,daily,1,1.0,0.0,0.0,0.5104166666666666
637,20,-0.0010200226402730106,637,"{""20"": 637, ""30"": 637, ""60"": 637}",-0.05458744292002471,direct,0.0635889837874497,1,5,0.0,,0.0,,0.0,,637,0.0,,493,all,0.015068751734095233,0.013843575148142051,False,641,"{""filled"": 637, ""gap_invalidated"": 4}",402,daily,1,1,0.0,0,0.5588697017268446
277,20,0.0009090713551562768,277,"{""20"": 277, ""30"": 277, ""60"": 277}",-0.05763633148024927,direct,0.06689984811051453,1,1,0.0,,0.0,,0.0,,277,0.0,,237,2005-2009,0.02095178048534317,0.014481589465085376,False,281,"{""filled"": 277, ""gap_invalidated"": 4}",167,daily,1,1,0.0,0,0.5740072202166066
78,20,0.0007484378603744846,78,"{""20"": 78, ""30"": 78, ""60"": 78}",-0.03349184856149662,direct,0.05495740974319674,0,2,0.0,,0.0,,0.0,,78,0.0,,69,2010-2014,0.014087984799462586,0.01878851494198075,False,78,"{""filled"": 78}",57,daily,1,1.0,0.0,0.0,0.6025641025641025
90,20,-0.021831064921642995,90,"{""20"": 90, ""30"": 90, ""60"": 90}",-0.06338257218132243,direct,0.05364675209671954,0,1,0.0,,0.0,,0.0,,90,0.0,,80,2015-2019,-0.010460894640126941,-0.013937543200975122,False,90,"{""filled"": 90}",60,daily,1,1.0,0.0,0.0,0.43333333333333335
192,20,0.006278300541787796,192,"{""20"": 192, ""30"": 192, ""60"": 192}",-0.05975054744481528,direct,0.07186176728054272,0,1,0.0,,0.0,,0.0,,192,0.0,,171,2020-2025,0.018946715434541392,0.025188859707307443,False,192,"{""filled"": 192}",118,daily,1,1.0,0.0,0.0,0.578125
637,30,0.010121003782457838,637,"{""20"": 637, ""30"": 637, ""60"": 637}",-0.06229921862148102,direct,0.0836685438455349,1,5,0.0,,0.0,,0.0,,637,0.0,,493,all,0.029331521869384668,0.030020903135410837,False,641,"{""filled"": 637, ""gap_invalidated"": 4}",402,daily,1,1,0.0,0,0.6059654631083202
277,30,0.011552939459696265,277,"{""20"": 277, ""30"": 277, ""60"": 277}",-0.06467870166914003,direct,0.08642418899399806,1,1,0.0,,0.0,,0.0,,277,0.0,,237,2005-2009,0.03028156041352506,0.03145390928222502,False,281,"{""filled"": 277, ""gap_invalidated"": 4}",167,daily,1,1,0.0,0,0.5992779783393501
78,30,0.020083649569788697,78,"{""20"": 78, ""30"": 78, ""60"": 78}",-0.03866305051210667,direct,0.06878187158756366,0,2,0.0,,0.0,,0.0,,78,0.0,,69,2010-2014,0.02848476890964486,0.03506944616376073,False,78,"{""filled"": 78}",57,daily,1,1.0,0.0,0.0,0.6538461538461539
90,30,-0.025020202951973047,90,"{""20"": 90, ""30"": 90, ""60"": 90}",-0.0686122808473501,direct,0.0635653786175856,0,1,0.0,,0.0,,0.0,,90,0.0,,80,2015-2019,-0.00028589652954060673,0.012394248427208043,False,90,"{""filled"": 90}",60,daily,1,1.0,0.0,0.0,0.5555555555555556
192,30,0.01567709145846463,192,"{""20"": 192, ""30"": 192, ""60"": 192}",-0.06445246648756564,direct,0.09870813942750234,0,1,0.0,,0.0,,0.0,,192,0.0,,171,2020-2025,0.04218805160915597,0.03858901476710763,False,192,"{""filled"": 192}",118,daily,1,1.0,0.0,0.0,0.6197916666666666
281,5,0.0023125607494458578,281,"{""20"": 200, ""30"": 227, ""60"": 280}",-0.02458681891958525,breakout,0.02656043833723576,132,176,0.0,"[0.0, 0.0]",0.0,"[-0.0005482961892996352, 0.0]",0.0,"[0.0, 0.0]",281,0.0,"[0.0, 0.0]",251,all,0.0023147139164860307,-0.0005455537370430141,False,641,"{""filled"": 281, ""waiting_censored"": 157, ""invalidated"": 203}",402,daily,14.804270462633452,6,0.020239040570629863,0.06265060240963871,0.49110320284697506
120,5,0.0015638085621868525,120,"{""20"": 90, ""30"": 97, ""60"": 119}",-0.027867292965893464,breakout,0.029555370135454062,61,79,0.0,,0.0,,0.0,,120,0.0,,113,2005-2009,0.0023282022176490708,-0.001761717356175696,False,281,"{""filled"": 120, ""waiting_censored"": 76, ""invalidated"": 85}",167,daily,14.208333333333334,6.0,0.021325496446347847,0.0688638799571275,0.475
37,5,0.005438680236760307,37,"{""20"": 26, ""30"": 31, ""60"": 37}",-0.015364302004561403,breakout,0.02558553411904274,13,19,0.0,,0.0,,0.0,,37,-0.0018030082229143485,,34,2010-2014,0.0094216623551778,0.004609849674232391,False,78,"{""filled"": 37, ""invalidated"": 28, ""waiting_censored"": 13}",57,daily,12.432432432432432,3,0.017055337607213894,0.04523285873988925,0.6216216216216216
43,5,-0.0033950628165639873,43,"{""20"": 32, ""30"": 35, ""60"": 43}",-0.031483416727359215,breakout,0.01859570375120234,15,21,0.0,,0.0,,0.0,,43,0.0,,42,2015-2019,0.004776541476505442,-0.006966211275585499,False,90,"{""invalidated"": 35, ""filled"": 43, ""waiting_censored"": 12}",60,daily,13.55813953488372,5,0.00412034328412525,0.039351618634567376,0.37209302325581395
81,5,0.0017268935705079258,81,"{""20"": 52, ""30"": 64, ""60"": 81}",-0.024919424573539684,breakout,0.03200000000000003,43,57,0.0,,0.0,,0.0,,81,0.0,,76,2020-2025,-0.0022585487187237836,0.002626197187010737,False,192,"{""filled"": 81, ""waiting_censored"": 56, ""invalidated"": 55}",118,daily,17.432098765432098,11,0.03541511653568552,0.0911504726385779,0.5185185185185185
281,10,0.005184824459623982,281,"{""20"": 200, ""30"": 227, ""60"": 280}",-0.03529595710517974,breakout,0.04457914814347341,132,176,0.0,"[0.0, 0.0]",0.0,"[-0.0006139171441513769, 0.0]",0.0,"[0.0, 0.0]",281,0.0,"[0.0, 0.0]",251,all,0.014299378816995114,0.007067137809187329,False,641,"{""filled"": 281, ""waiting_censored"": 157, ""invalidated"": 203}",402,daily,14.804270462633452,6,0.020239040570629863,0.06265060240963871,0.5480427046263345
120,10,0.0011778092207838098,120,"{""20"": 90, ""30"": 97, ""60"": 119}",-0.041842891805931426,breakout,0.04463520175157787,61,79,0.0,,-2.0263415694832254e-05,,0.0,,120,0.0,,113,2005-2009,0.006514448830352954,0.0008799918942602458,False,281,"{""filled"": 120, ""waiting_censored"": 76, ""invalidated"": 85}",167,daily,14.208333333333334,6.0,0.021325496446347847,0.0688638799571275,0.525
37,10,0.007555227643303741,37,"{""20"": 26, ""30"": 31, ""60"": 37}",-0.019722441629964282,breakout,0.04804469273743028,13,19,0.0,,0.0,,0.0,,37,0.0,,34,2010-2014,0.028394152103574433,0.022556424934545127,False,78,"{""filled"": 37, ""invalidated"": 28, ""waiting_censored"": 13}",57,daily,12.432432432432432,3,0.017055337607213894,0.04523285873988925,0.6756756756756757
43,10,0.0035100680744075685,43,"{""20"": 32, ""30"": 35, ""60"": 43}",-0.03601694915254239,breakout,0.03284593074580733,15,21,0.0,,0.0,,0.0,,43,0.0,,42,2015-2019,0.013661722298557976,-8.473140145726088e-05,False,90,"{""invalidated"": 35, ""filled"": 43, ""waiting_censored"": 12}",60,daily,13.55813953488372,5,0.00412034328412525,0.039351618634567376,0.4883720930232558
81,10,0.00845998375199708,81,"{""20"": 52, ""30"": 64, ""60"": 81}",-0.03940479470928615,breakout,0.04930034824885987,43,57,0.0,,0.0,,0.0,,81,0.0,,76,2020-2025,0.019732764213123772,0.014497222580549307,False,192,"{""filled"": 81, ""waiting_censored"": 56, ""invalidated"": 55}",118,daily,17.432098765432098,11,0.03541511653568552,0.0911504726385779,0.5555555555555556
281,20,0.0031256567997666185,281,"{""20"": 200, ""30"": 227, ""60"": 280}",-0.047741935483870956,breakout,0.06666292973587784,132,176,0.0,"[0.0, 0.0]",0.0,"[-0.0006260894658682292, 0.0]",0.0,"[0.0, 0.0]",281,0.0,"[-0.00289474818417651, 0.0]",251,all,0.022998129515438923,0.021139691082836087,False,641,"{""filled"": 281, ""waiting_censored"": 157, ""invalidated"": 203}",402,daily,14.804270462633452,6,0.020239040570629863,0.06265060240963871,0.6014234875444839
120,20,-0.001932677112728487,120,"{""20"": 90, ""30"": 97, ""60"": 119}",-0.05559592064516239,breakout,0.058975222751480594,61,79,0.0,,0.0,,0.0,,120,0.0,,113,2005-2009,0.017200790493587588,0.009810866293152087,False,281,"{""filled"": 120, ""waiting_censored"": 76, ""invalidated"": 85}",167,daily,14.208333333333334,6.0,0.021325496446347847,0.0688638799571275,0.55
37,20,0.028770618748945376,37,"{""20"": 26, ""30"": 31, ""60"": 37}",-0.02331027142096853,breakout,0.07007165980448482,13,19,0.0,,0.0,,0.0,,37,-0.005927245541272219,,34,2010-2014,0.042426384825108555,0.0448403617747295,False,78,"{""filled"": 37, ""invalidated"": 28, ""waiting_censored"": 13}",57,daily,12.432432432432432,3,0.017055337607213894,0.04523285873988925,0.7567567567567568
43,20,-0.0012154119312826062,43,"{""20"": 32, ""30"": 35, ""60"": 43}",-0.040014231062213024,breakout,0.04810661318490217,15,21,0.0,,0.0,,0.0,,43,0.0,,42,2015-2019,0.0166125564600027,0.025410808078237146,False,90,"{""invalidated"": 35, ""filled"": 43, ""waiting_censored"": 12}",60,daily,13.55813953488372,5,0.00412034328412525,0.039351618634567376,0.5581395348837209
81,20,-0.0009140647740375485,81,"{""20"": 52, ""30"": 64, ""60"": 81}",-0.05070357027373429,breakout,0.08538721500271995,43,57,0.0,,0.0,,0.0,,81,-0.0002547535982362348,,76,2020-2025,0.026102016892576473,0.03149065579313537,False,192,"{""filled"": 81, ""waiting_censored"": 56, ""invalidated"": 55}",118,daily,17.432098765432098,11,0.03541511653568552,0.0911504726385779,0.6296296296296297
281,30,0.007983450838736639,281,"{""20"": 200, ""30"": 227, ""60"": 280}",-0.059030279680572506,breakout,0.0897856670499011,132,176,0.0,"[-0.0006184977306127326, 0.0]",0.0,"[-0.003394546021299072, 0.0]",0.0,"[-0.002399885683410874, 0.0]",281,0.0,"[-0.005039780678198769, 0.0]",251,all,0.028363923346855165,0.030020903135410837,False,641,"{""filled"": 281, ""waiting_censored"": 157, ""invalidated"": 203}",402,daily,14.804270462633452,6,0.020239040570629863,0.06265060240963871,0.597864768683274
120,30,0.009624631176331,120,"{""20"": 90, ""30"": 97, ""60"": 119}",-0.0693829235922625,breakout,0.07078911327224457,61,79,0.0,,-0.0005965532791532557,,0.0,,120,0.0,,113,2005-2009,0.026739000350661814,0.01766226117063252,False,281,"{""filled"": 120, ""waiting_censored"": 76, ""invalidated"": 85}",167,daily,14.208333333333334,6.0,0.021325496446347847,0.0688638799571275,0.5583333333333333
37,30,0.0456686395039303,37,"{""20"": 26, ""30"": 31, ""60"": 37}",-0.02458681891958525,breakout,0.11065772962991516,13,19,0.0,,0.0,,0.0,,37,0.0,,34,2010-2014,0.04538505556872674,0.06419186002076249,False,78,"{""filled"": 37, ""invalidated"": 28, ""waiting_censored"": 13}",57,daily,12.432432432432432,3,0.017055337607213894,0.04523285873988925,0.7297297297297297
43,30,0.007983450838736639,43,"{""20"": 32, ""30"": 35, ""60"": 43}",-0.04990574396837577,breakout,0.06514116610671761,15,21,0.0,,0.0,,0.0,,43,-0.0011337385442700132,,42,2015-2019,0.028425267417881997,0.02427404094566965,False,90,"{""invalidated"": 35, ""filled"": 43, ""waiting_censored"": 12}",60,daily,13.55813953488372,5,0.00412034328412525,0.039351618634567376,0.6511627906976745
81,30,-0.011243756019268858,81,"{""20"": 52, ""30"": 64, ""60"": 81}",-0.06630617960950269,breakout,0.1027253668763104,43,57,0.0,,0.0,,0.0,,81,-0.0007107235547110236,,76,2020-2025,0.022963566214507024,0.02744703776703772,False,192,"{""filled"": 81, ""waiting_censored"": 56, ""invalidated"": 55}",118,daily,17.432098765432098,11,0.03541511653568552,0.0911504726385779,0.5679012345679012
451,5,-0.0015136785937454045,451,"{""20"": 332, ""30"": 380, ""60"": 450}",-0.026666666666666616,support,0.027150169243376876,86,182,0.0,"[0.0, 0.0]",0.0,"[0.0, 0.0]",0.0,"[0.0, 0.0]",451,0.0,"[0.0, 0.0]",374,all,0.0008283666759404758,0.00221988550064256,False,641,"{""filled"": 451, ""invalidated"": 124, ""waiting_censored"": 63, ""gap_invalidated"": 3}",402,daily,13.58980044345898,7,0.0,0.041599430808230586,0.516629711751663
213,5,-0.0028916044787431483,213,"{""20"": 155, ""30"": 179, ""60"": 213}",-0.02721958644838396,support,0.027984585690446595,29,75,0.0,,0.0,,0.0,,213,0.0,,192,2005-2009,0.0018682664484404017,0.0011596450822735083,False,281,"{""filled"": 213, ""waiting_censored"": 21, ""invalidated"": 44, ""gap_invalidated"": 3}",167,daily,13.300469483568076,6,0.0,0.03108586677862668,0.5070422535211268
53,5,0.002975712664974095,53,"{""20"": 38, ""30"": 42, ""60"": 53}",-0.016641452344931973,support,0.025239837064914505,15,27,0.0,,0.0,,0.0,,53,0.0,,49,2010-2014,0.005864320935920384,0.010667479427003856,False,78,"{""filled"": 53, ""invalidated"": 17, ""waiting_censored"": 8}",57,daily,14.69811320754717,8,0.0,0.039562426015543606,0.6226415094339622
49,5,-0.001432963649409924,49,"{""20"": 40, ""30"": 45, ""60"": 49}",-0.022389383718110722,support,0.028095238095238173,16,22,0.0,,0.0,,0,,49,0.0,,47,2015-2019,0.006808977411814084,0.005207424679594785,False,90,"{""invalidated"": 32, ""filled"": 49, ""waiting_censored"": 9}",60,daily,10.10204081632653,7,0.0,0.03382482584303492,0.5306122448979592
136,5,-0.005609390209723786,136,"{""20"": 99, ""30"": 114, ""60"": 135}",-0.03152047766187965,support,0.025024484751997256,26,58,0.0,,0.0,,0.0,,136,0.0,,122,2020-2025,-0.004917619745965599,-0.0009431999537737878,False,192,"{""filled"": 136, ""invalidated"": 31, ""waiting_censored"": 25}",118,daily,14.867647058823529,10.0,0.0,0.06489665776075015,0.4852941176470588
451,10,5.918969971041577e-06,451,"{""20"": 332, ""30"": 380, ""60"": 450}",-0.040250102003683175,support,0.040891262432495745,86,182,0.0,"[0.0, 0.0]",0.0,"[0.0, 0.0]",0.0,"[0.0, 0.0]",451,0.0,"[0.0, 0.0]",374,all,0.009507731583206632,0.007415195227084892,False,641,"{""filled"": 451, ""invalidated"": 124, ""waiting_censored"": 63, ""gap_invalidated"": 3}",402,daily,13.58980044345898,7,0.0,0.041599430808230586,0.5454545454545454
213,10,0.0017049429715960684,213,"{""20"": 155, ""30"": 179, ""60"": 213}",-0.043021680216802194,support,0.041801852299999886,29,75,0.0,,0.0,,0.0,,213,0.0,,192,2005-2009,0.006751231773498018,0.007336121449224242,False,281,"{""filled"": 213, ""waiting_censored"": 21, ""invalidated"": 44, ""gap_invalidated"": 3}",167,daily,13.300469483568076,6,0.0,0.03108586677862668,0.5352112676056338
53,10,0.000960609716788352,53,"{""20"": 38, ""30"": 42, ""60"": 53}",-0.028091189800138694,support,0.04176397856848468,15,27,0.0,,0.0,,0.0,,53,0.0,,49,2010-2014,0.004283321996360618,0.012560788519487609,False,78,"{""filled"": 53, ""invalidated"": 17, ""waiting_censored"": 8}",57,daily,14.69811320754717,8,0.0,0.039562426015543606,0.6037735849056604
49,10,0.0032852519499092514,49,"{""20"": 40, ""30"": 45, ""60"": 49}",-0.02834113364534596,support,0.036744109408469505,16,22,0.0,,0.0,,0,,49,0.0,,47,2015-2019,0.025094487153535155,0.001541690675463947,False,90,"{""invalidated"": 32, ""filled"": 49, ""waiting_censored"": 9}",60,daily,10.10204081632653,7,0.0,0.03382482584303492,0.5306122448979592
136,10,-0.010260357002874199,136,"{""20"": 99, ""30"": 114, ""60"": 135}",-0.04986524473190196,support,0.04132237707267028,26,58,0.0,,0.0,,0.0,,136,0.0,,122,2020-2025,0.01024506352897631,0.007557212935748514,False,192,"{""filled"": 136, ""invalidated"": 31, ""waiting_censored"": 25}",118,daily,14.867647058823529,10.0,0.0,0.06489665776075015,0.5441176470588235
451,20,0.0004183321410691221,451,"{""20"": 332, ""30"": 380, ""60"": 450}",-0.05375055154175168,support,0.06488966344910674,86,182,0.0,"[0.0, 0.0]",0.0,"[0.0, 0.0]",0.0,"[0.0, 0.0]",451,0.0,"[0.0, 0.0]",374,all,0.019361967994924532,0.014912121761188724,False,641,"{""filled"": 451, ""invalidated"": 124, ""waiting_censored"": 63, ""gap_invalidated"": 3}",402,daily,13.58980044345898,7,0.0,0.041599430808230586,0.5698447893569845
213,20,0.0009090713551562768,213,"{""20"": 155, ""30"": 179, ""60"": 213}",-0.05818181818181822,support,0.06851075827636799,29,75,0.0,,0.0,,0.0,,213,0.0,,192,2005-2009,0.018854004003322048,0.016156578223990525,False,281,"{""filled"": 213, ""waiting_censored"": 21, ""invalidated"": 44, ""gap_invalidated"": 3}",167,daily,13.300469483568076,6,0.0,0.03108586677862668,0.5727699530516432
53,20,0.009478477441705158,53,"{""20"": 38, ""30"": 42, ""60"": 53}",-0.0345578961419718,support,0.061468294775812726,15,27,0.0,,0.0,,0.0,,53,0.0,,49,2010-2014,0.018840976236105724,0.020420603474550214,False,78,"{""filled"": 53, ""invalidated"": 17, ""waiting_censored"": 8}",57,daily,14.69811320754717,8,0.0,0.039562426015543606,0.5849056603773585
49,20,-0.0039001507508684696,49,"{""20"": 40, ""30"": 45, ""60"": 49}",-0.04526398140043164,support,0.06010938131833532,16,22,0.0,,0.0,,0,,49,0.0,,47,2015-2019,0.025998753396342285,0.012094973516796337,False,90,"{""invalidated"": 32, ""filled"": 49, ""waiting_censored"": 9}",60,daily,10.10204081632653,7,0.0,0.03382482584303492,0.6122448979591837
136,20,0.0026409292189802924,136,"{""20"": 99, ""30"": 114, ""60"": 135}",-0.06857590492297722,support,0.06675531206577656,26,58,0.0,,0.0,,0.0,,136,0.0,,122,2020-2025,0.017969368059330828,0.012045016225079697,False,192,"{""filled"": 136, ""invalidated"": 31, ""waiting_censored"": 25}",118,daily,14.867647058823529,10.0,0.0,0.06489665776075015,0.5441176470588235
451,30,0.00922769245979227,451,"{""20"": 332, ""30"": 380, ""60"": 450}",-0.06584174380852759,support,0.0909090909090906,86,182,0.0,"[0.0, 0.0]",0.0,"[0.0, 0.0]",0.0,"[0.0, 0.0]",451,0.0,"[0.0, 0.0]",374,all,0.03208940903065044,0.031685538911255584,False,641,"{""filled"": 451, ""invalidated"": 124, ""waiting_censored"": 63, ""gap_invalidated"": 3}",402,daily,13.58980044345898,7,0.0,0.041599430808230586,0.614190687361419
213,30,0.01081974208837333,213,"{""20"": 155, ""30"": 179, ""60"": 213}",-0.06699867197875176,support,0.09076906201979296,29,75,0.0,,0.0,,0.0,,213,0.0,,192,2005-2009,0.026599849084475276,0.03798368045583955,False,281,"{""filled"": 213, ""waiting_censored"": 21, ""invalidated"": 44, ""gap_invalidated"": 3}",167,daily,13.300469483568076,6,0.0,0.03108586677862668,0.6150234741784038
53,30,-0.00457166527429953,53,"{""20"": 38, ""30"": 42, ""60"": 53}",-0.047741777150043685,support,0.06520795294295278,15,27,0.0,,0.0,,0.0,,53,0.0,,49,2010-2014,0.0245944071877615,0.017982322462663625,False,78,"{""filled"": 53, ""invalidated"": 17, ""waiting_censored"": 8}",57,daily,14.69811320754717,8,0.0,0.039562426015543606,0.5849056603773585
49,30,0.022453371596361182,49,"{""20"": 40, ""30"": 45, ""60"": 49}",-0.048387096774193616,support,0.09441391612425876,16,22,0.0,,0.0,,0.0,,49,0.0,,47,2015-2019,0.04274019798311557,0.05199662729542487,False,90,"{""invalidated"": 32, ""filled"": 49, ""waiting_censored"": 9}",60,daily,10.10204081632653,7,0.0,0.03382482584303492,0.6938775510204082
136,30,0.006174235763465485,136,"{""20"": 99, ""30"": 114, ""60"": 135}",-0.07733800762686943,support,0.09654749164608845,26,58,0.0,,0.0,,0.0,,136,0.0,,122,2020-2025,0.039770458350780094,0.024642409877082216,False,192,"{""filled"": 136, ""invalidated"": 31, ""waiting_censored"": 25}",118,daily,14.867647058823529,10.0,0.0,0.06489665776075015,0.5955882352941176
64,5,-0.002389456144086588,64,"{""20"": 48, ""30"": 53, ""60"": 64}",-0.024005186827175395,momentum,0.024226490967071412,255,267,0.0,"[-0.007984014741188039, 0.0]",0.0,"[-0.002333734863273318, 0.0]",0.0,"[-0.0043256357639266385, 0.0]",64,0.0,"[-0.006091823742681357, 0.0]",64,all,0.0005135787461671027,0.003060296338183943,False,641,"{""waiting_censored"": 299, ""invalidated"": 278, ""filled"": 64}",402,daily,13.5625,3.5,0.04184374273941405,0.12208026960760776,0.53125
21,5,0.002284113197863147,21,"{""20"": 15, ""30"": 18, ""60"": 21}",-0.03745875972036439,momentum,0.02915709728403959,115,118,0.0,,0.0,,0.0,,21,0.0,,21,2005-2009,-0.0007090426549803434,0.011176365889836282,True,281,"{""waiting_censored"": 134, ""invalidated"": 126, ""filled"": 21}",167,daily,13.047619047619047,4,0.040336092360970355,0.11735037108780477,0.5714285714285714
12,5,0.017053157222324478,12,"{""20"": 9, ""30"": 9, ""60"": 12}",-0.012039315678749218,momentum,0.0316234157314953,31,35,0.0,,0.0,,0.0,,12,0.0,,12,2010-2014,0.0035103828428346973,0.018728401298720443,True,78,"{""waiting_censored"": 33, ""invalidated"": 33, ""filled"": 12}",57,daily,16.666666666666668,3.0,0.027731743959393262,0.11199801615940175,0.6666666666666666
10,5,-0.0036633669252792433,10,"{""20"": 7, ""30"": 8, ""60"": 10}",-0.023006802112065294,momentum,0.01780709561107685,36,38,0.0,,0.0013421722378381684,,0.0,,10,0.0,,10,2015-2019,0.0010694493872412502,-0.0030715721992748968,True,90,"{""invalidated"": 49, ""waiting_censored"": 31, ""filled"": 10}",60,daily,15.3,8.0,0.03112319451700929,0.09347136138405976,0.5
21,5,-0.0037928827947961707,21,"{""20"": 17, ""30"": 18, ""60"": 21}",-0.03416634127294027,momentum,0.021726182083134926,73,76,-0.0002273063102591344,,0.0,,-0.0006439272359493042,,21,-0.00030626958418011885,,21,2020-2025,-0.00024095964176890878,-0.005510400123922787,True,192,"{""waiting_censored"": 101, ""invalidated"": 70, ""filled"": 21}",118,daily,11.476190476190476,2,0.07328052795048035,0.15634531354664916,0.42857142857142855
64,10,0.006125723294687413,64,"{""20"": 48, ""30"": 53, ""60"": 64}",-0.03627206794675797,momentum,0.03642518847831222,255,267,0.0,"[-9.699365763676804e-05, 0.0024540024790448145]",0.0,"[-0.0007876107791170428, 0.0028443946322481706]",0.0,"[-0.001990554612087303, 0.0003060114021224969]",64,0.0,"[0.0, 0.0016167182946293934]",64,all,0.012301747445800955,0.004049555291314011,False,641,"{""waiting_censored"": 299, ""invalidated"": 278, ""filled"": 64}",402,daily,13.5625,3.5,0.04184374273941405,0.12208026960760776,0.515625
21,10,0.023313878190549087,21,"{""20"": 15, ""30"": 18, ""60"": 21}",-0.04782882315921966,momentum,0.03163771277361205,115,118,0.0,,0.0,,0.0,,21,0.0,,21,2005-2009,0.02063493497058415,0.015869129158512907,True,281,"{""waiting_censored"": 134, ""invalidated"": 126, ""filled"": 21}",167,daily,13.047619047619047,4,0.040336092360970355,0.11735037108780477,0.5238095238095238
12,10,0.01632277686670419,12,"{""20"": 9, ""30"": 9, ""60"": 12}",-0.014339910263349687,momentum,0.05607913972077894,31,35,0.0,,0.0014846931460976709,,0.0,,12,0.00022882098971832576,,12,2010-2014,0.016557849268958414,0.027982201670778695,True,78,"{""waiting_censored"": 33, ""invalidated"": 33, ""filled"": 12}",57,daily,16.666666666666668,3.0,0.027731743959393262,0.11199801615940175,0.6666666666666666
10,10,0.0025944324622964032,10,"{""20"": 7, ""30"": 8, ""60"": 10}",-0.03067005993078492,momentum,0.02074965009469598,36,38,0.0056147043721183065,,0.005789998711324573,,0.0,,10,0.002587723052473123,,10,2015-2019,0.01368083043196644,-0.0035890872447243427,True,90,"{""invalidated"": 49, ""waiting_censored"": 31, ""filled"": 10}",60,daily,15.3,8.0,0.03112319451700929,0.09347136138405976,0.5
21,10,-0.006199873862917649,21,"{""20"": 17, ""30"": 18, ""60"": 21}",-0.05151077386777125,momentum,0.03480176211453734,73,76,0.0,,0.0,,0.0,,21,0.0,,21,2020-2025,0.0008797955524680297,-0.036311983638583345,True,192,"{""waiting_censored"": 101, ""invalidated"": 70, ""filled"": 21}",118,daily,11.476190476190476,2,0.07328052795048035,0.15634531354664916,0.42857142857142855
64,20,0.016533612138459053,64,"{""20"": 48, ""30"": 53, ""60"": 64}",-0.052328760977202016,momentum,0.06525349385017143,255,267,0.0,"[-0.007164869392375872, 0.0]",0.0,"[-0.0039417792957389675, 0.0]",0.0,"[-0.003995633186937075, 0.0]",64,-0.0025944765840621997,"[-0.01775977677425522, 0.0]",64,all,0.01604983182827065,0.02413683384739984,False,641,"{""waiting_censored"": 299, ""invalidated"": 278, ""filled"": 64}",402,daily,13.5625,3.5,0.04184374273941405,0.12208026960760776,0.625
21,20,0.057440925552213695,21,"{""20"": 15, ""30"": 18, ""60"": 21}",-0.05763633148024927,momentum,0.09965379002194785,115,118,0.0,,0.0,,0.0,,21,-0.0012396953336606398,,21,2005-2009,0.044495582712776004,0.05179312626313526,True,281,"{""waiting_censored"": 134, ""invalidated"": 126, ""filled"": 21}",167,daily,13.047619047619047,4,0.040336092360970355,0.11735037108780477,0.7619047619047619
12,20,0.016533612138459053,12,"{""20"": 9, ""30"": 9, ""60"": 12}",-0.052328760977202016,momentum,0.06690056227823382,31,35,0.0,,-0.0012617086774613373,,0.0,,12,-0.004713618780851858,,12,2010-2014,0.006904605161660933,0.009764658991978425,True,78,"{""waiting_censored"": 33, ""invalidated"": 33, ""filled"": 12}",57,daily,16.666666666666668,3.0,0.027731743959393262,0.11199801615940175,0.5833333333333334
10,20,-0.008775804904723239,10,"{""20"": 7, ""30"": 8, ""60"": 10}",-0.04006889037508082,momentum,0.040853236506173896,36,38,-0.007659944840228694,,0.004404646717217464,,-0.006793170187719189,,10,-0.01708999166298797,,10,2015-2019,-0.0037663393615069317,0.007843623265332889,True,90,"{""invalidated"": 49, ""waiting_censored"": 31, ""filled"": 10}",60,daily,15.3,8.0,0.03112319451700929,0.09347136138405976,0.5
21,20,0.0005832619301602282,21,"{""20"": 17, ""30"": 18, ""60"": 21}",-0.07681340142353776,momentum,0.05865238931009231,73,76,-0.002858075907969937,,0.0,,0.0,,21,0.0,,21,2020-2025,0.0022661967483887458,0.016812149042205737,True,192,"{""waiting_censored"": 101, ""invalidated"": 70, ""filled"": 21}",118,daily,11.476190476190476,2,0.07328052795048035,0.15634531354664916,0.5714285714285714
64,30,0.025306833054174915,64,"{""20"": 48, ""30"": 53, ""60"": 64}",-0.07512154735581217,momentum,0.09659672692412569,255,267,0.0,"[-0.0016568172178881846, 0.0]",0.0,"[-0.003146075410631166, 0.0]",0.0,"[-0.006376296556194205, 0.0]",64,0.0,"[-0.01364552567264199, 0.0]",64,all,0.021748736184832557,0.030207032423902436,False,641,"{""waiting_censored"": 299, ""invalidated"": 278, ""filled"": 64}",402,daily,13.5625,3.5,0.04184374273941405,0.12208026960760776,0.59375
21,30,0.050583847686291095,21,"{""20"": 15, ""30"": 18, ""60"": 21}",-0.06111803371285085,momentum,0.12542243111259088,115,118,0.0,,0.0,,0.0,,21,0.0,,21,2005-2009,0.06290558315024454,0.04659983782803412,True,281,"{""waiting_censored"": 134, ""invalidated"": 126, ""filled"": 21}",167,daily,13.047619047619047,4,0.040336092360970355,0.11735037108780477,0.8095238095238095
12,30,0.04441770398907485,12,"{""20"": 9, ""30"": 9, ""60"": 12}",-0.08392223848937314,momentum,0.07500611826197556,31,35,0.0017687147076311804,,-0.0015016341635097907,,0.0,,12,0.0,,12,2010-2014,-0.004773153414744232,-0.03162061523619286,True,78,"{""waiting_censored"": 33, ""invalidated"": 33, ""filled"": 12}",57,daily,16.666666666666668,3.0,0.027731743959393262,0.11199801615940175,0.4166666666666667
10,30,0.0067717627974506756,10,"{""20"": 7, ""30"": 8, ""60"": 10}",-0.0405658674797173,momentum,0.05917415729195197,36,38,0.0,,0.004404646717217464,,-0.004377953999449069,,10,0.0,,10,2015-2019,0.008433771275431112,0.03150903527296944,True,90,"{""invalidated"": 49, ""waiting_censored"": 31, ""filled"": 10}",60,daily,15.3,8.0,0.03112319451700929,0.09347136138405976,0.6
21,30,-0.0303058005008483,21,"{""20"": 17, ""30"": 18, ""60"": 21}",-0.09117520337476492,momentum,0.09568730109510626,73,76,-0.0030877551754772137,,0.0,,0.0,,21,-0.0033464577087293224,,21,2020-2025,0.002087714185560382,-0.038408889438344196,True,192,"{""waiting_censored"": 101, ""invalidated"": 70, ""filled"": 21}",118,daily,11.476190476190476,2,0.07328052795048035,0.15634531354664916,0.47619047619047616
236,5,0.0024476679562246417,236,"{""20"": 236, ""30"": 236, ""60"": 236}",-0.030207092015192283,direct,0.034463929750216504,0,1,0.0,,0.0,,0.0,,236,0.0,,216,all,0.0019500317728297926,0.004939566854201161,False,236,"{""filled"": 236}",205,weekly_completed,1,1.0,0.0,0.0,0.5508474576271186
89,5,0.002833002562598219,89,"{""20"": 89, ""30"": 89, ""60"": 89}",-0.02904040404040409,direct,0.0343390330513611,0,1,0.0,,0.0,,0.0,,89,0.0,,84,2005-2009,-0.0022658446015546814,0.006058784233543557,False,89,"{""filled"": 89}",79,weekly_completed,1,1,0.0,0,0.5842696629213483
34,5,-0.009775285517115928,34,"{""20"": 34, ""30"": 34, ""60"": 34}",-0.02830709289393729,direct,0.04490851020484243,0,0,0.0,,0.0,,0.0,,34,0.0,,34,2010-2014,-0.004751614228046584,0.003760559161089694,False,34,"{""filled"": 34}",30,weekly_completed,1,1.0,0.0,0.0,0.5
28,5,0.0014241878448993939,28,"{""20"": 28, ""30"": 28, ""60"": 28}",-0.021228677120170125,direct,0.0353501146180667,0,0,0.0,,0.0,,0.0,,28,0.0,,28,2015-2019,0.012658078965283545,0.013267966589560198,True,28,"{""filled"": 28}",23,weekly_completed,1,1.0,0.0,0.0,0.6428571428571429
85,5,0.0029314498120136534,85,"{""20"": 85, ""30"": 85, ""60"": 85}",-0.03813698630136986,direct,0.029126213592232997,0,0,0.0,,0.0,,0.0,,85,0.0,,77,2020-2025,0.005517604007668733,2.313755533833728e-06,False,85,"{""filled"": 85}",73,weekly_completed,1,1,0.0,0,0.5058823529411764
236,10,0.0033941795686337484,236,"{""20"": 236, ""30"": 236, ""60"": 236}",-0.04128886019193023,direct,0.048575850409515176,0,1,0.0,,0.0,,0.0,,236,0.0,,216,all,0.004728939091304343,0.0077476315701906495,False,236,"{""filled"": 236}",205,weekly_completed,1,1.0,0.0,0.0,0.5254237288135594
89,10,-0.0028419148241460856,89,"{""20"": 89, ""30"": 89, ""60"": 89}",-0.03746475694937823,direct,0.05048391039407463,0,1,0.0,,0.0,,0.0,,89,0.0,,84,2005-2009,-0.002284068728659752,0.00946343513060266,False,89,"{""filled"": 89}",79,weekly_completed,1,1,0.0,0,0.5280898876404494
34,10,0.005509563441501997,34,"{""20"": 34, ""30"": 34, ""60"": 34}",-0.04149962303981025,direct,0.04903671416423161,0,0,0.0,,0.0,,0.0,,34,0.0,,34,2010-2014,0.015659329179336955,0.008525564263892504,False,34,"{""filled"": 34}",30,weekly_completed,1,1.0,0.0,0.0,0.5294117647058824
28,10,0.011415520803473744,28,"{""20"": 28, ""30"": 28, ""60"": 28}",-0.032255145669943974,direct,0.04555237043050675,0,0,0.0,,0.0,,0.0,,28,0.0,,28,2015-2019,0.020321332606225494,0.025025177964273615,True,28,"{""filled"": 28}",23,weekly_completed,1,1.0,0.0,0.0,0.6071428571428571
85,10,0.0063148217021034014,85,"{""20"": 85, ""30"": 85, ""60"": 85}",-0.056981719175418055,direct,0.0471553049718092,0,0,0.0,,0.0,,0.0,,85,0.0,,77,2020-2025,0.0025634969097267377,-0.0005401104593494299,False,85,"{""filled"": 85}",73,weekly_completed,1,1,0.0,0,0.49411764705882355
236,20,0.0038529038178111708,236,"{""20"": 236, ""30"": 236, ""60"": 236}",-0.054241473817145947,direct,0.07445266465496492,0,1,0.0,,0.0,,0.0,,236,0.0,,216,all,0.009818699695569838,0.013212547808175379,False,236,"{""filled"": 236}",205,weekly_completed,1,1.0,0.0,0.0,0.5550847457627118
89,20,0.0003112201296615602,89,"{""20"": 89, ""30"": 89, ""60"": 89}",-0.047249058341833794,direct,0.07543889755788635,0,1,0.0,,0.0,,0.0,,89,0.0,,84,2005-2009,-0.0070156775696696245,0.015834392119280283,False,89,"{""filled"": 89}",79,weekly_completed,1,1,0.0,0,0.5730337078651685
34,20,0.014217356528277159,34,"{""20"": 34, ""30"": 34, ""60"": 34}",-0.043125667504001264,direct,0.07181720456156615,0,0,0.0,,0.0,,0.0,,34,0.0,,34,2010-2014,0.014709218919362962,0.029683606706597643,False,34,"{""filled"": 34}",30,weekly_completed,1,1.0,0.0,0.0,0.5588235294117647
28,20,0.018318838434245865,28,"{""20"": 28, ""30"": 28, ""60"": 28}",-0.032609167519905224,direct,0.06791139520582157,0,0,0.0,,0.0,,0.0,,28,0.0,,28,2015-2019,0.06942677932218229,0.020692893202418294,True,28,"{""filled"": 28}",23,weekly_completed,1,1.0,0.0,0.0,0.6785714285714286
85,20,0.001320345631490527,85,"{""20"": 85, ""30"": 85, ""60"": 85}",-0.07342023483160187,direct,0.07449856733524363,0,0,0.0,,0.0,,0.0,,85,0.0,,77,2020-2025,0.005853472559713337,-0.0006445164980506402,False,85,"{""filled"": 85}",73,weekly_completed,1,1,0.0,0,0.49411764705882355
236,30,0.006496623125130996,236,"{""20"": 236, ""30"": 236, ""60"": 236}",-0.0706647930831657,direct,0.09240506768733847,0,1,0.0,,0.0,,0.0,,236,0.0,,216,all,0.005229033215599923,0.010668165450379519,False,236,"{""filled"": 236}",205,weekly_completed,1,1.0,0.0,0.0,0.5254237288135594
89,30,-0.008743325561366255,89,"{""20"": 89, ""30"": 89, ""60"": 89}",-0.06882741712407103,direct,0.08879184861717615,0,1,0.0,,0.0,,0.0,,89,0.0,,84,2005-2009,-0.026498027275599197,-0.011072683168147024,False,89,"{""filled"": 89}",79,weekly_completed,1,1,0.0,0,0.449438202247191
34,30,-0.0019773173186128368,34,"{""20"": 34, ""30"": 34, ""60"": 34}",-0.04925859127746596,direct,0.1147764290152723,0,0,0.0,,0.0,,0.0,,34,0.0,,34,2010-2014,0.025885441571476174,0.033009610211332197,False,34,"{""filled"": 34}",30,weekly_completed,1,1.0,0.0,0.0,0.6176470588235294
28,30,0.030759934368092212,28,"{""20"": 28, ""30"": 28, ""60"": 28}",-0.05158075271246415,direct,0.0978605431652616,0,0,0.0,,0.0,,0.0,,28,0.0,,28,2015-2019,0.08652516877884713,0.03822975751451496,True,28,"{""filled"": 28}",23,weekly_completed,1,1.0,0.0,0.0,0.6785714285714286
85,30,0.007167842993647255,85,"{""20"": 85, ""30"": 85, ""60"": 85}",-0.09294189230301175,direct,0.093209481101858,0,0,0.0,,0.0,,0.0,,85,0.0,,77,2020-2025,0.003406665025552951,0.010323811103279512,False,85,"{""filled"": 85}",73,weekly_completed,1,1,0.0,0,0.5176470588235295
128,5,0.0003257913752954811,128,"{""20"": 37, ""30"": 48, ""60"": 88}",-0.03139288477932278,breakout,0.034708085620624995,33,47,0.001763684083712247,"[-0.0018765795809259078, 0.00989374268846488]",0.0009271529962230352,"[-0.005068967300776939, 0.004316884398307075]",-0.0007906015630195773,"[-0.010115606936416333, 0.006068117255670913]",128,-0.008573201531225816,"[-0.016517058500638226, 0.008788831423452548]",123,all,-0.0006089516417469958,0.005793630901574032,False,236,"{""filled"": 128, ""invalidated"": 31, ""waiting_censored"": 76, ""gap_invalidated"": 1}",205,weekly_completed,43.4375,41.5,0.024021674402243787,0.10082357942573861,0.53125
49,5,-5.4864279821487116e-05,49,"{""20"": 18, ""30"": 24, ""60"": 36}",-0.03185661299507869,breakout,0.03136714761034587,10,13,0.0,,-0.0016010966392393522,,-0.0013735962084766573,,49,-0.009102123498734294,,48,2005-2009,-0.005808266227868845,-0.003675851938235719,False,89,"{""invalidated"": 18, ""waiting_censored"": 21, ""filled"": 49, ""gap_invalidated"": 1}",79,weekly_completed,38.734693877551024,33,0.018353630347612393,0.09144155457296343,0.42857142857142855
16,5,0.005609505870026177,16,"{""20"": 3, ""30"": 4, ""60"": 12}",-0.030583829613005875,breakout,0.03292489369387408,6,9,0.0015199801203722996,,0.007418499448903659,,-0.0028218011145055844,,16,-0.012145345116454431,,16,2010-2014,0.017371737494996868,0.00885005741372813,True,34,"{""filled"": 16, ""waiting_censored"": 15, ""invalidated"": 3}",30,weekly_completed,47.0625,46.0,0.05932696826157147,0.15933883861025677,0.5625
14,5,0.011725151182713556,14,"{""20"": 5, ""30"": 5, ""60"": 11}",-0.025011863435547788,breakout,0.036257594030729146,5,6,0.01519166570986591,,0.0030349366083169405,,0.0033973328692271654,,14,0.0082488559681404,,14,2015-2019,0.020180639276317573,0.019183649079754117,True,28,"{""waiting_censored"": 12, ""invalidated"": 2, ""filled"": 14}",23,weekly_completed,36.92857142857143,36.5,0.05077102491143237,0.09216193284935725,0.8571428571428571
49,5,-0.0047997477862702365,49,"{""20"": 11, ""30"": 15, ""60"": 29}",-0.03670628503002382,breakout,0.035843920145190555,12,19,0.00681513856314564,,0.002162287690054998,,0.0,,49,0.0,,47,2020-2025,-0.007220765607478326,0.007362504459336394,False,85,"{""filled"": 49, ""waiting_censored"": 28, ""invalidated"": 8}",73,weekly_completed,48.816326530612244,56,0.0024699923509203803,0.1067307692307693,0.5306122448979592
128,10,-0.004386780239891197,128,"{""20"": 37, ""30"": 48, ""60"": 88}",-0.0467296880591489,breakout,0.050343029057201116,33,47,-0.0005955519726396075,"[-0.02079698306154648, 0.00682073905830316]",-0.0015054776313617735,"[-0.011683604523771596, 0.005611466562243983]",-0.002437506216714236,"[-0.016856906661389504, 0.002381731844535828]",128,-0.006235894061399239,"[-0.02921180683267055, 0.009749028826500084]",123,all,0.00044184342388686824,-0.0001718570066781,False,236,"{""filled"": 128, ""invalidated"": 31, ""waiting_censored"": 76, ""gap_invalidated"": 1}",205,weekly_completed,43.4375,41.5,0.024021674402243787,0.10082357942573861,0.4921875
49,10,-0.009831913803491243,49,"{""20"": 18, ""30"": 24, ""60"": 36}",-0.047146221639609354,breakout,0.05065485362095523,10,13,0.0,,-0.006708304418228117,,-0.0020194294070234875,,49,-0.0052318081082625145,,48,2005-2009,-0.007280235254414655,-0.0012632713675334584,False,89,"{""invalidated"": 18, ""waiting_censored"": 21, ""filled"": 49, ""gap_invalidated"": 1}",79,weekly_completed,38.734693877551024,33,0.018353630347612393,0.09144155457296343,0.46938775510204084
16,10,0.007363969337074228,16,"{""20"": 3, ""30"": 4, ""60"": 12}",-0.03642998781727114,breakout,0.04374464632169073,6,9,-0.016545097659192043,,0.0016791737663426898,,-0.022397395401690057,,16,-0.01882491190462099,,16,2010-2014,0.03173488350066617,0.0052950962772035925,True,34,"{""filled"": 16, ""waiting_censored"": 15, ""invalidated"": 3}",30,weekly_completed,47.0625,46.0,0.05932696826157147,0.15933883861025677,0.5
14,10,0.007893783077565553,14,"{""20"": 5, ""30"": 5, ""60"": 11}",-0.0314881959048246,breakout,0.0471478683248161,5,6,0.002820047337437903,,-0.0021660126807772073,,-0.015708761165038276,,14,-0.022779928135887917,,14,2015-2019,0.016021621851583148,-0.00020837775419801918,True,28,"{""waiting_censored"": 12, ""invalidated"": 2, ""filled"": 14}",23,weekly_completed,36.92857142857143,36.5,0.05077102491143237,0.09216193284935725,0.5
49,10,-0.006693475903198687,49,"{""20"": 11, ""30"": 15, ""60"": 29}",-0.06287056417470727,breakout,0.06432390514672859,12,19,-0.0016425401796251737,,0.002162287690054998,,-0.0010027592288988085,,49,-0.007168540552376701,,47,2020-2025,-0.006505578698142562,0.0007370857592285951,False,85,"{""filled"": 49, ""waiting_censored"": 28, ""invalidated"": 8}",73,weekly_completed,48.816326530612244,56,0.0024699923509203803,0.1067307692307693,0.5102040816326531
128,20,0.007375066612848924,128,"{""20"": 37, ""30"": 48, ""60"": 88}",-0.07062472020919286,breakout,0.07448291111034289,33,47,0.009001620365288066,"[-0.004069679572778817, 0.01941637129469065]",-0.002409811099501613,"[-0.018880963792482497, 0.0047268200682988315]",-0.005482339617229437,"[-0.019679061548102172, 0.0061651665853630355]",128,0.0004917950393324988,"[-0.025800094489571546, 0.029269609633949534]",123,all,0.016641641430308014,0.01791843365390844,False,236,"{""filled"": 128, ""invalidated"": 31, ""waiting_censored"": 76, ""gap_invalidated"": 1}",205,weekly_completed,43.4375,41.5,0.024021674402243787,0.10082357942573861,0.5859375
49,20,0.0019468675748794961,49,"{""20"": 18, ""30"": 24, ""60"": 36}",-0.0886425433642486,breakout,0.06255283178360105,10,13,-0.001024809314126629,,-0.018896906735111352,,-0.017755206360394515,,49,-0.025800094489571546,,48,2005-2009,-0.028406405610093596,-0.024078707370312258,False,89,"{""invalidated"": 18, ""waiting_censored"": 21, ""filled"": 49, ""gap_invalidated"": 1}",79,weekly_completed,38.734693877551024,33,0.018353630347612393,0.09144155457296343,0.42857142857142855
16,20,0.007875712392315937,16,"{""20"": 3, ""30"": 4, ""60"": 12}",-0.04322362930687951,breakout,0.05931794725414152,6,9,0.013461295420367225,,0.004628821871588529,,-0.03595577270783079,,16,0.02073996045942844,,16,2010-2014,0.0400648254320804,0.027732883749363224,True,34,"{""filled"": 16, ""waiting_censored"": 15, ""invalidated"": 3}",30,weekly_completed,47.0625,46.0,0.05932696826157147,0.15933883861025677,0.6875
14,20,0.03881474193142753,14,"{""20"": 5, ""30"": 5, ""60"": 11}",-0.04766666666666658,breakout,0.06975102753955043,5,6,0.0103806697172949,,-0.01333370630880365,,-0.012268123210228854,,14,0.014580332703299503,,14,2015-2019,0.05253638573433538,0.049916548110356174,True,28,"{""waiting_censored"": 12, ""invalidated"": 2, ""filled"": 14}",23,weekly_completed,36.92857142857143,36.5,0.05077102491143237,0.09216193284935725,0.7142857142857143
49,20,0.0006567998311872714,49,"{""20"": 11, ""30"": 15, ""60"": 29}",-0.07033527696792996,breakout,0.09684535627619661,12,19,0.03777446709348342,,0.003064160292910678,,0.009548572177236148,,49,0.04549718678914627,,47,2020-2025,0.043785660628163886,0.03460206201427307,False,85,"{""filled"": 49, ""waiting_censored"": 28, ""invalidated"": 8}",73,weekly_completed,48.816326530612244,56,0.0024699923509203803,0.1067307692307693,0.673469387755102
128,30,0.0041050231166280815,128,"{""20"": 37, ""30"": 48, ""60"": 88}",-0.08833579937325492,breakout,0.08538457991330806,33,47,0.001968771558698401,"[-0.014790840361231461, 0.03293776841499352]",-0.006775812530975922,"[-0.027399932710107988, 0.0033201491094658753]",-0.00217753644722829,"[-0.017798140969723653, 0.006916217029861116]",128,-0.0069688702185112805,"[-0.037405746785139304, 0.017190370510463904]",123,all,0.004520575107108971,0.02039462398510028,False,236,"{""filled"": 128, ""invalidated"": 31, ""waiting_censored"": 76, ""gap_invalidated"": 1}",205,weekly_completed,43.4375,41.5,0.024021674402243787,0.10082357942573861,0.5390625
49,30,-0.008545475392448099,49,"{""20"": 18, ""30"": 24, ""60"": 36}",-0.09508444478679368,breakout,0.07190359116485956,10,13,-0.0108646008845521,,-0.027399932710107988,,-0.018438377163713993,,49,-0.024696241210754533,,48,2005-2009,-0.04020614622233918,-0.020818863112231467,False,89,"{""invalidated"": 18, ""waiting_censored"": 21, ""filled"": 49, ""gap_invalidated"": 1}",79,weekly_completed,38.734693877551024,33,0.018353630347612393,0.09144155457296343,0.42857142857142855
16,30,0.018929013766383562,16,"{""20"": 3, ""30"": 4, ""60"": 12}",-0.055746668955692635,breakout,0.07390818838823143,6,9,0.020436566127180422,,0.00734934236868201,,-0.03417131491298275,,16,-0.019532925469753826,,16,2010-2014,0.02810037947610012,0.03454268315384823,True,34,"{""filled"": 16, ""waiting_censored"": 15, ""invalidated"": 3}",30,weekly_completed,47.0625,46.0,0.05932696826157147,0.15933883861025677,0.6875
14,30,0.0203326101569703,14,"{""20"": 5, ""30"": 5, ""60"": 11}",-0.06501941556342494,breakout,0.10055502943483718,5,6,0.016939372856344392,,-0.005109836062740791,,-0.006280197924936615,,14,-0.001141401390011454,,14,2015-2019,0.04109147995940865,0.05591944887572309,True,28,"{""waiting_censored"": 12, ""invalidated"": 2, ""filled"": 14}",23,weekly_completed,36.92857142857143,36.5,0.05077102491143237,0.09216193284935725,0.6428571428571429
49,30,0.004647869283034511,49,"{""20"": 11, ""30"": 15, ""60"": 29}",-0.09467994655654077,breakout,0.11999776094803649,12,19,0.034731931178269226,,0.003064160292910678,,0.039855531732573946,,49,0.048249252543024035,,47,2020-2025,0.031098938521535613,0.02249858389886472,False,85,"{""filled"": 49, ""waiting_censored"": 28, ""invalidated"": 8}",73,weekly_completed,48.816326530612244,56,0.0024699923509203803,0.1067307692307693,0.5714285714285714
209,5,-0.002893591354968028,209,"{""20"": 102, ""30"": 138, ""60"": 189}",-0.03210226196396759,support,0.02941176470588225,6,32,-0.008172870749930339,"[-0.015182891450741809, 0.00039631262810729817]",0.0010324652104113374,"[-0.008219623748616733, 0.00407340592411104]",-0.002314545238189636,"[-0.00966991801676964, 0.003712261117285953]",209,-0.0052578034231430815,"[-0.014832155309621009, 0.007394447607087906]",194,all,0.0022219926088545387,-0.0014433384515577519,False,236,"{""filled"": 209, ""waiting_censored"": 14, ""invalidated"": 12, ""gap_invalidated"": 1}",205,weekly_completed,27.105263157894736,21,0.004182319350178765,0.07090587927568004,0.4880382775119617
79,5,-0.008122434450583027,79,"{""20"": 37, ""30"": 50, ""60"": 77}",-0.034633463848602664,support,0.023858866051188254,0,7,-0.010101500257712615,,-0.0067576635799733165,,-0.00966991801676964,,79,-0.013114197545008421,,76,2005-2009,-0.0013991217206818036,-0.003292800074377711,False,89,"{""filled"": 79, ""waiting_censored"": 3, ""invalidated"": 7}",79,weekly_completed,24.544303797468356,23,0.0014044448641084006,0.06819420568449464,0.4177215189873418
27,5,-0.00038642642378206027,27,"{""20"": 14, ""30"": 20, ""60"": 26}",-0.03292181069958855,support,0.025862962278546453,2,4,0.011555872675146794,,0.002724311519099798,,0.0044269897496449495,,27,0.014596585919595673,,27,2010-2014,0.004132348449843937,0.002437241493800757,True,34,"{""filled"": 27, ""gap_invalidated"": 1, ""waiting_censored"": 4, ""invalidated"": 2}",30,weekly_completed,23.555555555555557,19,0.005191103286278254,0.05535569462217549,0.5555555555555556
25,5,0.0009662918532746811,25,"{""20"": 11, ""30"": 14, ""60"": 19}",-0.023907731538053367,support,0.027176352920045943,2,7,0.008336222985939945,,0.0039179113241836205,,-0.004480654764706937,,25,-0.01788606579589791,,25,2015-2019,0.024652905602103717,0.000833472077247821,True,28,"{""filled"": 25, ""waiting_censored"": 3}",23,weekly_completed,35.44,23,0.02482528612314172,0.08335406634563947,0.52
78,5,-0.002818416602472784,78,"{""20"": 40, ""30"": 54, ""60"": 67}",-0.03444576165845964,support,0.03423662211345324,2,14,-0.0113821980624636,,0.003637311200774429,,0.0044827977623089765,,78,0.0028015068921367625,,70,2020-2025,-0.0019611407309476693,0.0015778124019210082,False,85,"{""filled"": 78, ""waiting_censored"": 4, ""invalidated"": 3}",73,weekly_completed,28.256410256410255,20.0,-0.011698474808248593,0.07778819119025315,0.5256410256410257
209,10,-0.008583262411181791,209,"{""20"": 102, ""30"": 138, ""60"": 189}",-0.04297385518393182,support,0.04546624196952198,6,32,0.00026631340732796716,"[-0.016856299402620012, 0.010127524724505177]",0.0036191282391830892,"[-0.004161546456406484, 0.012620064171006251]",-0.004480654764706937,"[-0.014192873836542663, 0.0009254625042355302]",209,-0.0044677429667315804,"[-0.01718652525729336, 0.004988007111795756]",194,all,0.00470938904065761,0.001325573912550837,False,236,"{""filled"": 209, ""waiting_censored"": 14, ""invalidated"": 12, ""gap_invalidated"": 1}",205,weekly_completed,27.105263157894736,21,0.004182319350178765,0.07090587927568004,0.5023923444976076
79,10,-0.012716973862924918,79,"{""20"": 37, ""30"": 50, ""60"": 77}",-0.05454194770729692,support,0.03917570906023404,0,7,-0.016856299402620012,,-0.006049332356943826,,-0.003937648336448829,,79,-0.00898682955359642,,76,2005-2009,-0.010343273534359357,-0.007747113670614758,False,89,"{""filled"": 79, ""waiting_censored"": 3, ""invalidated"": 7}",79,weekly_completed,24.544303797468356,23,0.0014044448641084006,0.06819420568449464,0.4177215189873418
27,10,0.018480340429591013,27,"{""20"": 14, ""30"": 20, ""60"": 26}",-0.03393138061800005,support,0.05562635960717954,2,4,0.017300829413698038,,0.015786839148703824,,0.0044269897496449495,,27,0.004947679032212937,,27,2010-2014,0.01142109542756308,0.007925655806963139,True,34,"{""filled"": 27, ""gap_invalidated"": 1, ""waiting_censored"": 4, ""invalidated"": 2}",30,weekly_completed,23.555555555555557,19,0.005191103286278254,0.05535569462217549,0.5925925925925926
25,10,-0.007373531395380106,25,"{""20"": 11, ""30"": 14, ""60"": 19}",-0.03053163082554955,support,0.04459246396039629,2,7,0.00026631340732796716,,0.0014331877016701133,,-0.022503295729465744,,25,-0.01718652525729336,,25,2015-2019,0.04659367667695184,0.0047095761381474865,True,28,"{""filled"": 25, ""waiting_censored"": 3}",23,weekly_completed,35.44,23,0.02482528612314172,0.08335406634563947,0.52
78,10,-0.002332660888206717,78,"{""20"": 40, ""30"": 54, ""60"": 67}",-0.042864168827300486,support,0.0546244945421126,2,14,0.010165072476541637,,0.012594492081016317,,-0.00829696738710084,,78,0.016726154321439646,,70,2020-2025,0.004207300323638852,0.010722137590026382,False,85,"{""filled"": 78, ""waiting_censored"": 4, ""invalidated"": 3}",73,weekly_completed,28.256410256410255,20.0,-0.011698474808248593,0.07778819119025315,0.5512820512820513
209,20,0.0013789729602007306,209,"{""20"": 102, ""30"": 138, ""60"": 189}",-0.06089773529860454,support,0.06481789868190835,6,32,-0.0020488363873438775,"[-0.022661733748599366, 0.0063332347829409]",-0.002374934492719083,"[-0.018736158772594824, 0.00568783391169525]",-0.0004989768777730053,"[-0.016388686962162002, 0.011573756170279115]",209,-0.005037762771670229,"[-0.019296144282740624, 0.011138098235101479]",194,all,0.010495597710301247,0.004717315449949133,False,236,"{""filled"": 209, ""waiting_censored"": 14, ""invalidated"": 12, ""gap_invalidated"": 1}",205,weekly_completed,27.105263157894736,21,0.004182319350178765,0.07090587927568004,0.5454545454545454
79,20,-0.020522399633429722,79,"{""20"": 37, ""30"": 50, ""60"": 77}",-0.08021477018920975,support,0.05332976169131043,0,7,-0.036977359136582066,,-0.026232736552976088,,-0.011079183778058388,,79,-0.0260575680255406,,76,2005-2009,-0.02845034150171319,-0.02499830494368993,False,89,"{""filled"": 79, ""waiting_censored"": 3, ""invalidated"": 7}",79,weekly_completed,24.544303797468356,23,0.0014044448641084006,0.06819420568449464,0.4430379746835443
27,20,0.019589330867709087,27,"{""20"": 14, ""30"": 20, ""60"": 26}",-0.039979540356080645,support,0.07541595067490348,2,4,0.027380262979021852,,0.015786839148703824,,0.007571983493200429,,27,0.028401659583957684,,27,2010-2014,0.04751022219074625,0.040611701230124364,True,34,"{""filled"": 27, ""gap_invalidated"": 1, ""waiting_censored"": 4, ""invalidated"": 2}",30,weekly_completed,23.555555555555557,19,0.005191103286278254,0.05535569462217549,0.7037037037037037
25,20,0.017683113887206225,25,"{""20"": 11, ""30"": 14, ""60"": 19}",-0.04866562009419151,support,0.05576536119270448,2,7,0.015092785801658293,,0.0014331877016701133,,-0.026160641886089353,,25,0.011507114293732634,,25,2015-2019,0.05847147707608411,0.03539691494060215,True,28,"{""filled"": 25, ""waiting_censored"": 3}",23,weekly_completed,35.44,23,0.02482528612314172,0.08335406634563947,0.6
78,20,0.0057811305999797,78,"{""20"": 40, ""30"": 54, ""60"": 67}",-0.05634684643753218,support,0.0873957843112485,2,14,-0.0021296006165810732,,0.0055430247384407605,,0.017678310838526112,,78,0.013328268297237988,,70,2020-2025,0.021751204795333986,0.020147196262937705,False,85,"{""filled"": 78, ""waiting_censored"": 4, ""invalidated"": 3}",73,weekly_completed,28.256410256410255,20.0,-0.011698474808248593,0.07778819119025315,0.5769230769230769
209,30,-0.003924499231445999,209,"{""20"": 102, ""30"": 138, ""60"": 189}",-0.07718663371953494,support,0.08830433023067585,6,32,0.002563532056844453,"[-0.0075731820125188865, 0.01758079447136407]",0.0,"[-0.010620463636229482, 0.01012026038107905]",-0.0004989768777730053,"[-0.010038605515345855, 0.006009355669106764]",209,0.0021233642153604126,"[-0.013537124112896537, 0.019333337029723507]",194,all,0.015264283939324275,0.003915125856564616,False,236,"{""filled"": 209, ""waiting_censored"": 14, ""invalidated"": 12, ""gap_invalidated"": 1}",205,weekly_completed,27.105263157894736,21,0.004182319350178765,0.07090587927568004,0.507177033492823
79,30,-0.013521667840449392,79,"{""20"": 37, ""30"": 50, ""60"": 77}",-0.09396644964088208,support,0.07357134390384723,0,7,-0.0005356772925666498,,-0.023581479140662998,,-0.00738275462857918,,79,-0.013537124112896537,,76,2005-2009,-0.0376207637269286,-0.019055011968107993,False,89,"{""filled"": 79, ""waiting_censored"": 3, ""invalidated"": 7}",79,weekly_completed,24.544303797468356,23,0.0014044448641084006,0.06819420568449464,0.4050632911392405
27,30,0.007875755590652123,27,"{""20"": 14, ""30"": 20, ""60"": 26}",-0.04604956172795427,support,0.09822741503545407,2,4,0.01838881566188777,,0.015279937764097196,,0.01232882421653625,,27,0.0026870590531253846,,27,2010-2014,0.0668792303615508,0.05612743717353563,True,34,"{""filled"": 27, ""gap_invalidated"": 1, ""waiting_censored"": 4, ""invalidated"": 2}",30,weekly_completed,23.555555555555557,19,0.005191103286278254,0.05535569462217549,0.5925925925925926
25,30,0.012455947911002574,25,"{""20"": 11, ""30"": 14, ""60"": 19}",-0.059103830706039195,support,0.08290327781811535,2,7,-0.006683915718051492,,-0.002163951120162877,,-0.004467964813639647,,25,-0.005618228348090337,,25,2015-2019,0.08330927281681666,0.02077393075356415,True,28,"{""filled"": 25, ""waiting_censored"": 3}",23,weekly_completed,35.44,23,0.02482528612314172,0.08335406634563947,0.52
78,30,-0.0119548842360796,78,"{""20"": 40, ""30"": 54, ""60"": 67}",-0.07141370124382457,support,0.10392961419271307,2,14,0.0113375159053421,,0.011471716202700044,,0.00028028889585385297,,78,0.021115574248180502,,70,2020-2025,0.029151341507228788,0.02585317167565815,False,85,"{""filled"": 78, ""waiting_censored"": 4, ""invalidated"": 3}",73,weekly_completed,28.256410256410255,20.0,-0.011698474808248593,0.07778819119025315,0.5769230769230769
19,5,0.0011651757417803221,19,"{""20"": 0, ""30"": 5, ""60"": 11}",-0.02524618552492075,momentum,0.032912523652726566,54,61,0.007512199347092574,"[-0.026903636312820556, 0.04319114472949226]",0.005257510276330701,"[-0.01793121134247677, 0.021135062718835362]",-0.0034241367543967893,"[-0.024544866327359083, 0.018913157864415275]",19,0.013090119434695291,"[-0.04644738707594387, 0.055360826542931174]",19,all,-0.0026470690069855837,0.002946127946127808,True,236,"{""waiting_censored"": 172, ""invalidated"": 45, ""filled"": 19}",205,weekly_completed,52.31578947368421,50,0.04243716613025439,0.16682289221361335,0.5263157894736842
7,5,0.005583371920768965,7,"{""20"": 0, ""30"": 2, ""60"": 4}",-0.016803278688524603,momentum,0.04283036097306803,16,17,0.036556577841349025,,0.016316924111469344,,0.0039029216426678115,,7,0.04050054935349534,,7,2005-2009,-0.0027193388665073576,0.019878973730139915,True,89,"{""invalidated"": 28, ""waiting_censored"": 54, ""filled"": 7}",79,weekly_completed,50.57142857142857,33,0.013668534858083836,0.13558058769117598,0.5714285714285714
5,5,0.0020586490601766094,5,"{""20"": 0, ""30"": 2, ""60"": 3}",-0.028619528619528767,momentum,0.020693572099287127,9,12,-0.025511383513951436,,-0.01793121134247677,,-0.029293918920689554,,5,-0.024152419955925652,,5,2010-2014,-0.020129339636425315,-0.01655411329393286,True,34,"{""waiting_censored"": 25, ""filled"": 5, ""invalidated"": 4}",30,weekly_completed,53.6,51,0.048358019234420624,0.20297389026509438,0.2
1,5,0.02124882742594325,1,"{""20"": 0, ""30"": 0, ""60"": 1}",-0.01719571318497415,momentum,0.032912523652726566,9,9,0.04490785596004487,,0.037400033280781786,,0.02946188088875279,,1,0.06808109851890631,,1,2015-2019,0.02186593988268104,0.02186593988268104,True,28,"{""waiting_censored"": 25, ""invalidated"": 2, ""filled"": 1}",23,weekly_completed,50,50,0.09416503781336116,0.19031181418319132,1
6,5,-0.0020456281233187656,6,"{""20"": 0, ""30"": 1, ""60"": 3}",-0.02376130831045864,momentum,0.03591865838277353,20,23,-0.006215965221230413,,-0.00035935647988394326,,-0.00913583494682535,,6,0.0008352336950669947,,6,2020-2025,0.00792030320537849,0.01066080110204648,True,85,"{""invalidated"": 11, ""waiting_censored"": 68, ""filled"": 6}",73,weekly_completed,53.666666666666664,55.5,0.041901583149158705,0.2024227740763176,0.6666666666666666
19,10,-0.00853915835710728,19,"{""20"": 0, ""30"": 5, ""60"": 11}",-0.044308543713809656,momentum,0.045454545454545414,54,61,-0.03391872871424406,"[-0.046420232684002305, 0.038132577026302794]",-0.0007392133595921502,"[-0.02176749949145096, 0.03648283781863415]",-0.00048383318471101333,"[-0.04372163488473246, 0.028942409518539325]",19,-0.04658663660657947,"[-0.0665258377002299, 0.04061653778737584]",19,all,0.001897264703067602,-0.008890251379521819,True,236,"{""waiting_censored"": 172, ""invalidated"": 45, ""filled"": 19}",205,weekly_completed,52.31578947368421,50,0.04243716613025439,0.16682289221361335,0.42105263157894735
7,10,-0.02458119711439688,7,"{""20"": 0, ""30"": 2, ""60"": 4}",-0.0636623748211731,momentum,0.05928509154315598,16,17,-0.034763271322364564,,0.014375718494301526,,0.001863755331843464,,7,-0.03851764226924115,,7,2005-2009,0.0002722751029356723,-0.02254551847760422,True,89,"{""invalidated"": 28, ""waiting_censored"": 54, ""filled"": 7}",79,weekly_completed,50.57142857142857,33,0.013668534858083836,0.13558058769117598,0.2857142857142857
5,10,0.0004738856867881891,5,"{""20"": 0, ""30"": 2, ""60"": 3}",-0.044308543713809656,momentum,0.023532829750145146,9,12,-0.016973391244268998,,-0.01793121134247677,,-0.04372163488473246,,5,-0.046670088881444416,,5,2010-2014,-0.011219263068680551,-0.0054528502695996295,True,34,"{""waiting_censored"": 25, ""filled"": 5, ""invalidated"": 4}",30,weekly_completed,53.6,51,0.048358019234420624,0.20297389026509438,0.4
1,10,0.04150092626796209,1,"{""20"": 0, ""30"": 0, ""60"": 1}",-0.01719571318497415,momentum,0.047148399999676016,9,9,0.05235366182223289,,0.037400033280781786,,0.03987681698347023,,1,0.04061653778737584,,1,2015-2019,0.038151860549295646,0.038151860549295646,True,28,"{""waiting_censored"": 25, ""invalidated"": 2, ""filled"": 1}",23,weekly_completed,50,50,0.09416503781336116,0.19031181418319132,1
6,10,-0.011062924513206007,6,"{""20"": 0, ""30"": 1, ""60"": 3}",-0.032512664807894276,momentum,0.04671864540671,20,23,-0.029425707367063125,,0.0031168708205860374,,-0.020316165526614416,,6,-0.02754247458565867,,6,2020-2025,0.008681093071973641,0.0009705162869396711,True,85,"{""invalidated"": 11, ""waiting_censored"": 68, ""filled"": 6}",73,weekly_completed,53.666666666666664,55.5,0.041901583149158705,0.2024227740763176,0.5
19,20,0.008202704778989212,19,"{""20"": 0, ""30"": 5, ""60"": 11}",-0.05429292929292939,momentum,0.0788121195397391,54,61,0.01014017081533991,"[-0.057031231368822155, 0.07158427085292207]",-0.01793121134247677,"[-0.04741743546539612, 0.02455763649431464]",-0.016537953560550545,"[-0.03860331450922905, 0.035027713352681955]",19,0.0037970243085818645,"[-0.10628986219722791, 0.06169742435057446]",19,all,0.0004925109862602008,0.03668535519259364,True,236,"{""waiting_censored"": 172, ""invalidated"": 45, ""filled"": 19}",205,weekly_completed,52.31578947368421,50,0.04243716613025439,0.16682289221361335,0.631578947368421
7,20,0.005953651046776365,7,"{""20"": 0, ""30"": 2, ""60"": 4}",-0.09288779889638266,momentum,0.0788121195397391,16,17,0.008408768511075415,,-0.04658537650516337,,0.002897426344917964,,7,0.0027290808090449925,,7,2005-2009,-0.017342137953392994,0.031968995649440224,True,89,"{""invalidated"": 28, ""waiting_censored"": 54, ""filled"": 7}",79,weekly_completed,50.57142857142857,33,0.013668534858083836,0.13558058769117598,0.5714285714285714
5,20,-0.05095323329047019,5,"{""20"": 0, ""30"": 2, ""60"": 3}",-0.05429292929292939,momentum,0.05008417508417495,9,12,0.028882901748732648,,-0.01897806882129638,,-0.04276904798765524,,5,0.0037970243085818645,,5,2010-2014,-0.03761898576101837,-0.03872053872053882,True,34,"{""waiting_censored"": 25, ""filled"": 5, ""invalidated"": 4}",30,weekly_completed,53.6,51,0.048358019234420624,0.20297389026509438,0.4
1,20,0.07229518198722507,1,"{""20"": 0, ""30"": 0, ""60"": 1}",-0.01719571318497415,momentum,0.11194693926118182,9,9,0.033031100281800674,,0.037400033280781786,,0.04379242865894528,,1,0.013412989563064137,,1,2015-2019,0.08119776859361427,0.08119776859361427,True,28,"{""waiting_censored"": 25, ""invalidated"": 2, ""filled"": 1}",23,weekly_completed,50,50,0.09416503781336116,0.19031181418319132,1
6,20,0.01657735916513392,6,"{""20"": 0, ""30"": 1, ""60"": 3}",-0.032512664807894276,momentum,0.09059051867321188,20,23,0.008283228175703372,,0.004209354532647092,,-0.010445795929076018,,6,0.027306116110706602,,6,2020-2025,0.039608305770695386,0.04824841881309205,True,85,"{""invalidated"": 11, ""waiting_censored"": 68, ""filled"": 6}",73,weekly_completed,53.666666666666664,55.5,0.041901583149158705,0.2024227740763176,0.8333333333333334
19,30,-0.007619138515556845,19,"{""20"": 0, ""30"": 5, ""60"": 11}",-0.08211402410410062,momentum,0.08029810434889306,54,61,-0.01998349052508841,"[-0.07323715996719915, 0.03414398631224791]",-0.036194758120730586,"[-0.08360511605810306, 0.020559479710759554]",-0.035583614977846345,"[-0.04276904798765524, 0.035027713352681955]",19,-0.025568060792303227,"[-0.075152590154823, 0.033965404528083054]",19,all,-0.018674150426226742,0.009352895566569375,True,236,"{""waiting_censored"": 172, ""invalidated"": 45, ""filled"": 19}",205,weekly_completed,52.31578947368421,50,0.04243716613025439,0.16682289221361335,0.5263157894736842
7,30,-0.01829016552074636,7,"{""20"": 0, ""30"": 2, ""60"": 4}",-0.09288779889638266,momentum,0.0788121195397391,16,17,-0.009787913421290595,,-0.04658537650516337,,-0.012681910229186633,,7,0.031798550364539824,,7,2005-2009,-0.02235926109349697,-0.0028612303290415086,True,89,"{""invalidated"": 28, ""waiting_censored"": 54, ""filled"": 7}",79,weekly_completed,50.57142857142857,33,0.013668534858083836,0.13558058769117598,0.42857142857142855
5,30,-0.040302875248717895,5,"{""20"": 0, ""30"": 2, ""60"": 3}",-0.17968947944534452,momentum,0.05008417508417495,9,12,-0.06478801453087413,,-0.060977743900629267,,-0.04276904798765524,,5,-0.09516061915685503,,5,2010-2014,-0.14101468450514884,-0.14561027611554556,True,34,"{""waiting_censored"": 25, ""filled"": 5, ""invalidated"": 4}",30,weekly_completed,53.6,51,0.048358019234420624,0.20297389026509438,0.2
1,30,0.03419670911146189,1,"{""20"": 0, ""30"": 0, ""60"": 1}",-0.01719571318497415,momentum,0.11194693926118182,9,9,-0.043451030286214776,,0.037400033280781786,,-0.04159411577555838,,1,-0.0504901889956344,,1,2015-2019,0.07641621592110037,0.07641621592110037,True,28,"{""waiting_censored"": 25, ""invalidated"": 2, ""filled"": 1}",23,weekly_completed,50,50,0.09416503781336116,0.19031181418319132,1
6,30,0.026758518691970545,6,"{""20"": 0, ""30"": 1, ""60"": 3}",-0.05701660551814075,momentum,0.1353591935809011,20,23,-0.0012223703071025382,,-0.011253356425521555,,0.055288563552253644,,6,0.01701590252753382,,6,2020-2025,0.07172719602680243,0.08989823558795451,True,85,"{""invalidated"": 11, ""waiting_censored"": 68, ""filled"": 6}",73,weekly_completed,53.666666666666664,55.5,0.041901583149158705,0.2024227740763176,0.8333333333333334
100,5,-0.008231828723266887,100,"{""20"": 100, ""30"": 100, ""60"": 100}",-0.03649278789276317,direct,0.037463699423110786,0,0,0.0,,0.0,,0.0,,100,0.0,,98,all,0.005202830116442094,-0.0014823446128101048,False,100,"{""filled"": 100}",84,monthly_completed,1,1.0,0.0,0.0,0.49
30,5,0.010470511753637779,30,"{""20"": 30, ""30"": 30, ""60"": 30}",-0.024357163988988795,direct,0.03931616069051991,0,0,0.0,,0.0,,0.0,,30,0.0,,30,2005-2009,0.016304629151640253,0.007675863500796298,False,30,"{""filled"": 30}",22,monthly_completed,1,1.0,0.0,0.0,0.5666666666666667
12,5,-0.002300623935875823,12,"{""20"": 12, ""30"": 12, ""60"": 12}",-0.03694050966250284,direct,0.03624214520453595,0,0,0.0,,0.0,,0.0,,12,0.0,,12,2010-2014,0.01638119008132488,0.012038927020105672,True,12,"{""filled"": 12}",10,monthly_completed,1,1.0,0.0,0.0,0.75
15,5,-0.03023506965969769,15,"{""20"": 15, ""30"": 15, ""60"": 15}",-0.03787770340100638,direct,0.04050345215509199,0,0,0.0,,0.0,,0.0,,15,0.0,,15,2015-2019,-0.0027849755759811337,-0.0202527766831182,True,15,"{""filled"": 15}",13,monthly_completed,1,1,0.0,0,0.3333333333333333
43,5,-0.019638168550393797,43,"{""20"": 43, ""30"": 43, ""60"": 43}",-0.049587776441196274,direct,0.03263114415530777,0,0,0.0,,0.0,,0.0,,43,0.0,,43,2020-2025,-0.0028757095404925515,-0.0038806694154740473,False,43,"{""filled"": 43}",39,monthly_completed,1,1,0.0,0,0.4186046511627907
100,10,-0.01382250511126254,100,"{""20"": 100, ""30"": 100, ""60"": 100}",-0.058299631855025125,direct,0.05558739588534001,0,0,0.0,,0.0,,0.0,,100,0.0,,98,all,0.0015946029845385823,-0.009676222024808112,False,100,"{""filled"": 100}",84,monthly_completed,1,1.0,0.0,0.0,0.46
30,10,0.005391135648222856,30,"{""20"": 30, ""30"": 30, ""60"": 30}",-0.035712679713959694,direct,0.0686940966010734,0,0,0.0,,0.0,,0.0,,30,0.0,,30,2005-2009,0.021981459197429703,0.02902032756286388,False,30,"{""filled"": 30}",22,monthly_completed,1,1.0,0.0,0.0,0.6
12,10,-0.007444049994045909,12,"{""20"": 12, ""30"": 12, ""60"": 12}",-0.05113666153105678,direct,0.05396224027996854,0,0,0.0,,0.0,,0.0,,12,0.0,,12,2010-2014,-0.05796706987651982,-0.015321758334647495,True,12,"{""filled"": 12}",10,monthly_completed,1,1.0,0.0,0.0,0.4166666666666667
15,10,-0.022451407395768896,15,"{""20"": 15, ""30"": 15, ""60"": 15}",-0.04725422687309544,direct,0.05438322268402884,0,0,0.0,,0.0,,0.0,,15,0.0,,15,2015-2019,0.0010672136980020527,-0.009667865396041697,True,15,"{""filled"": 15}",13,monthly_completed,1,1,0.0,0,0.3333333333333333
43,10,-0.027105661472745513,43,"{""20"": 43, ""30"": 43, ""60"": 43}",-0.07867634277044022,direct,0.0484434699511167,0,0,0.0,,0.0,,0.0,,43,0.0,,43,2020-2025,0.004177050129748238,-0.011750939383486037,False,43,"{""filled"": 43}",39,monthly_completed,1,1,0.0,0,0.4186046511627907
100,20,-0.014565761160831303,100,"{""20"": 100, ""30"": 100, ""60"": 100}",-0.07724880147364582,direct,0.07981987676331204,0,0,0.0,,0.0,,0.0,,100,0.0,,98,all,0.01555981805641629,0.009767468939505863,False,100,"{""filled"": 100}",84,monthly_completed,1,1.0,0.0,0.0,0.52
30,20,-0.013215192441372647,30,"{""20"": 30, ""30"": 30, ""60"": 30}",-0.06906611843941424,direct,0.07859003883296256,0,0,0.0,,0.0,,0.0,,30,0.0,,30,2005-2009,-0.004084884045190096,0.008890904397626076,False,30,"{""filled"": 30}",22,monthly_completed,1,1.0,0.0,0.0,0.5333333333333333
12,20,0.016491512984942558,12,"{""20"": 12, ""30"": 12, ""60"": 12}",-0.05113666153105678,direct,0.11661514027471098,0,0,0.0,,0.0,,0.0,,12,0.0,,12,2010-2014,0.007095124689371439,0.048671345253523346,True,12,"{""filled"": 12}",10,monthly_completed,1,1.0,0.0,0.0,0.5833333333333334
15,20,-0.028332206250783254,15,"{""20"": 15, ""30"": 15, ""60"": 15}",-0.07854338320538568,direct,0.08421052631578929,0,0,0.0,,0.0,,0.0,,15,0.0,,15,2015-2019,0.0024853989648350614,-0.010535258849145301,True,15,"{""filled"": 15}",13,monthly_completed,1,1,0.0,0,0.4666666666666667
43,20,-0.01730042903703688,43,"{""20"": 43, ""30"": 43, ""60"": 43}",-0.09653165170991984,direct,0.07567305360174648,0,0,0.0,,0.0,,0.0,,43,0.0,,43,2020-2025,0.036188508052380206,0.009097451758647512,False,43,"{""filled"": 43}",39,monthly_completed,1,1,0.0,0,0.5116279069767442
100,30,-0.010372448476386076,100,"{""20"": 100, ""30"": 100, ""60"": 100}",-0.0890049418293356,direct,0.11996548434760057,0,0,0.0,,0.0,,0.0,,100,0.0,,98,all,0.019653999380833,0.02138516611104946,False,100,"{""filled"": 100}",84,monthly_completed,1,1.0,0.0,0.0,0.56
30,30,0.000958696610634413,30,"{""20"": 30, ""30"": 30, ""60"": 30}",-0.08927817120674636,direct,0.08970984556469908,0,0,0.0,,0.0,,0.0,,30,0.0,,30,2005-2009,0.02864336773418851,0.031438560272046945,False,30,"{""filled"": 30}",22,monthly_completed,1,1.0,0.0,0.0,0.6
12,30,-0.021013422120754965,12,"{""20"": 12, ""30"": 12, ""60"": 12}",-0.05113666153105678,direct,0.11661514027471098,0,0,0.0,,0.0,,0.0,,12,0.0,,12,2010-2014,-0.03212394910554169,0.002058127763419959,True,12,"{""filled"": 12}",10,monthly_completed,1,1.0,0.0,0.0,0.5
15,30,-0.02505202460117628,15,"{""20"": 15, ""30"": 15, ""60"": 15}",-0.07854338320538568,direct,0.08421052631578929,0,0,0.0,,0.0,,0.0,,15,0.0,,15,2015-2019,-0.015403964191213844,-7.490385388053689e-06,True,15,"{""filled"": 15}",13,monthly_completed,1,1,0.0,0,0.4666666666666667
43,30,-0.002701062735929849,43,"{""20"": 43, ""30"": 43, ""60"": 43}",-0.09976349172221033,direct,0.1434442836004397,0,0,0.0,,0.0,,0.0,,43,0.0,,43,2020-2025,0.04006152926028727,0.046787273861509604,False,43,"{""filled"": 43}",39,monthly_completed,1,1,0.0,0,0.5813953488372093
89,5,-0.004322240965582758,89,"{""20"": 9, ""30"": 18, ""60"": 35}",-0.02971257710319697,breakout,0.03517983722761864,0,12,0.014208169481926713,"[0.0016582640002411608, 0.032480868083568204]",0.00834707412700142,"[-0.0018532329193878816, 0.015645173539910684]",0.007052130614053631,"[0.0016914658013909012, 0.0171802510308936]",89,0.017000061434741864,"[-0.012254463697582318, 0.04061344596494609]",87,all,0.007300725754109945,0.004935834155972207,False,100,"{""filled"": 89, ""waiting_censored"": 4, ""gap_invalidated"": 1, ""invalidated"": 6}",84,monthly_completed,83.92134831460675,73,0.025152251990743557,0.14623587201037558,0.5393258426966292
27,5,0.003267046391659534,27,"{""20"": 3, ""30"": 6, ""60"": 11}",-0.022725926717129252,breakout,0.04084158415841599,0,1,0.005079108071983085,,0.007974576622493457,,0.007087535870338391,,27,0.014011270759878736,,27,2005-2009,0.01940113804105891,0.013794071982959455,True,30,"{""filled"": 27, ""waiting_censored"": 1, ""invalidated"": 2}",22,monthly_completed,94.96296296296296,79,0.021351808598037203,0.14715532084266192,0.6296296296296297
8,5,-0.016421808579116737,8,"{""20"": 1, ""30"": 1, ""60"": 3}",-0.051357929310142436,breakout,0.04776255693971043,0,0,-0.0238354789723092,,-0.02555087869642808,,0.010772131708246424,,8,-0.047143036806243654,,8,2010-2014,-0.07269880768019041,-0.01646496700722616,True,12,"{""waiting_censored"": 3, ""filled"": 8, ""invalidated"": 1}",10,monthly_completed,73.375,82.5,0.016178228412336848,0.13696037889880452,0.25
14,5,-0.013864157640400054,14,"{""20"": 1, ""30"": 5, ""60"": 8}",-0.030183761677884835,breakout,0.02232702750155957,0,1,0.004785394047144675,,0.002870953851290603,,-0.018548599167476754,,14,0.0055053954263308835,,14,2015-2019,-0.016866535025106433,-0.004316914319466791,True,15,"{""filled"": 14, ""invalidated"": 1}",13,monthly_completed,67.57142857142857,44.5,0.03065159199163947,0.08939779999987274,0.35714285714285715
40,5,0.004543564434258018,40,"{""20"": 4, ""30"": 6, ""60"": 13}",-0.030969684397086583,breakout,0.04545538678618044,0,10,0.04142803841607012,,0.012939770403385453,,0.011958844618179199,,40,0.044814112883552304,,40,2020-2025,0.023591395420005195,0.016315621744749986,False,43,"{""filled"": 40, ""gap_invalidated"": 1, ""invalidated"": 2}",39,monthly_completed,84.3,74.0,0.04214147495162335,0.18636930754834657,0.6
89,10,-0.008560740161794644,89,"{""20"": 9, ""30"": 18, ""60"": 35}",-0.04954954954954971,breakout,0.050377293391788536,0,12,1.3573148124557122e-05,"[-0.01974172743396796, 0.038264694845512426]",0.012780023980700106,"[-0.0020009911029873484, 0.021089776831435536]",0.006668183141937067,"[0.000272317910648634, 0.02061072658628338]",89,0.005763332489088779,"[-0.014170053792302517, 0.026500681283290084]",87,all,0.015238500622143944,0.010849909065668406,False,100,"{""filled"": 89, ""waiting_censored"": 4, ""gap_invalidated"": 1, ""invalidated"": 6}",84,monthly_completed,83.92134831460675,73,0.025152251990743557,0.14623587201037558,0.5842696629213483
27,10,-0.0016840662583710309,27,"{""20"": 3, ""30"": 6, ""60"": 11}",-0.05014532295691254,breakout,0.05014931305198411,0,1,-0.019244717441072146,,-0.0020009911029873484,,-0.000832919294793566,,27,-0.011475082943949388,,27,2005-2009,0.008394095802822264,0.011478503573082666,True,30,"{""filled"": 27, ""waiting_censored"": 1, ""invalidated"": 2}",22,monthly_completed,94.96296296296296,79,0.021351808598037203,0.14715532084266192,0.5925925925925926
8,10,-0.00242178084450978,8,"{""20"": 1, ""30"": 1, ""60"": 3}",-0.07907856705482785,breakout,0.06929114442661177,0,0,-0.014469857806247988,,-0.021904810853561274,,-0.0048677441523594656,,8,-0.02623858336283219,,8,2010-2014,-0.06418414545281936,-0.006520125334563032,True,12,"{""waiting_censored"": 3, ""filled"": 8, ""invalidated"": 1}",10,monthly_completed,73.375,82.5,0.016178228412336848,0.13696037889880452,0.5
14,10,-0.02585096370188361,14,"{""20"": 1, ""30"": 5, ""60"": 8}",-0.06210156842794312,breakout,0.038891594964112874,0,1,-0.005780493891254457,,-0.0026745032444775996,,0.002583980009636333,,14,-0.007398785677939779,,14,2015-2019,-0.03864819230797447,-0.016394236883702062,True,15,"{""filled"": 14, ""invalidated"": 1}",13,monthly_completed,67.57142857142857,44.5,0.03065159199163947,0.08939779999987274,0.35714285714285715
40,10,0.01152418810394823,40,"{""20"": 4, ""30"": 6, ""60"": 13}",-0.03522938531720571,breakout,0.07181082706128505,0,10,0.04455364188288419,,0.03483911665236222,,0.027562873343913386,,40,0.0438622956747145,,40,2020-2025,0.05460334561572019,0.025381011879667348,False,43,"{""filled"": 40, ""gap_invalidated"": 1, ""invalidated"": 2}",39,monthly_completed,84.3,74.0,0.04214147495162335,0.18636930754834657,0.675
89,20,-0.014116343982566448,89,"{""20"": 9, ""30"": 18, ""60"": 35}",-0.07396431523577829,breakout,0.08510237753288674,0,12,0.0032351853265220054,"[-0.01788605383613595, 0.04213434616821932]",0.009715026701829221,"[-0.007514265616916815, 0.023310005092801234]",0.001962735990785669,"[-0.022993655351275732, 0.01154529224025136]",89,0.0001325137654641928,"[-0.0152364305537116, 0.034525572142085625]",87,all,0.008206244832626776,0.010867243027860907,False,100,"{""filled"": 89, ""waiting_censored"": 4, ""gap_invalidated"": 1, ""invalidated"": 6}",84,monthly_completed,83.92134831460675,73,0.025152251990743557,0.14623587201037558,0.550561797752809
27,20,-0.01025883967868979,27,"{""20"": 3, ""30"": 6, ""60"": 11}",-0.07021712271055902,breakout,0.06587185965235198,0,1,0.0032351853265220054,,-0.006116905962081254,,-0.000832919294793566,,27,-0.0012285002107995657,,27,2005-2009,-0.004059253778984311,0.010867243027860907,True,30,"{""filled"": 27, ""waiting_censored"": 1, ""invalidated"": 2}",22,monthly_completed,94.96296296296296,79,0.021351808598037203,0.14715532084266192,0.5925925925925926
8,20,-0.010338505471887138,8,"{""20"": 1, ""30"": 1, ""60"": 3}",-0.09477765176964487,breakout,0.08963628052386652,0,0,-0.022572898374658645,,-0.03487838049367725,,-0.03411087883384323,,8,-0.013292950359877986,,8,2010-2014,-0.06250601317262099,-0.007624637554364766,True,12,"{""waiting_censored"": 3, ""filled"": 8, ""invalidated"": 1}",10,monthly_completed,73.375,82.5,0.016178228412336848,0.13696037889880452,0.375
14,20,-0.05317329993247655,14,"{""20"": 1, ""30"": 5, ""60"": 8}",-0.09230721295669064,breakout,0.04761656201756026,0,1,-0.031068470718923935,,-0.014030888548408671,,-0.04922939937255888,,14,-0.017885702528028014,,14,2015-2019,-0.05279295584238099,-0.05073388164643139,True,15,"{""filled"": 14, ""invalidated"": 1}",13,monthly_completed,67.57142857142857,44.5,0.03065159199163947,0.08939779999987274,0.35714285714285715
40,20,-0.0024018057755197386,40,"{""20"": 4, ""30"": 6, ""60"": 13}",-0.05091325166525845,breakout,0.10691459846344387,0,10,0.03906251982508113,,0.035855722846456384,,0.012382637853561307,,40,0.03867667618515158,,40,2020-2025,0.05197762823276653,0.029709097139375085,False,43,"{""filled"": 40, ""gap_invalidated"": 1, ""invalidated"": 2}",39,monthly_completed,84.3,74.0,0.04214147495162335,0.18636930754834657,0.625
89,30,-0.022004786154922407,89,"{""20"": 9, ""30"": 18, ""60"": 35}",-0.08662666808562969,breakout,0.09326483283250497,0,12,-0.011796773989466214,"[-0.055858046867149236, 0.02988476254052075]",0.0042886109481480306,"[-0.012581482739353778, 0.02666791899536619]",-0.02338460819974264,"[-0.052311668458844385, 0.00975701997709999]",89,-0.028929425689850463,"[-0.07379795115784082, 0.029832836920539285]",87,all,0.011918246130438388,0.007575757575757791,False,100,"{""filled"": 89, ""waiting_censored"": 4, ""gap_invalidated"": 1, ""invalidated"": 6}",84,monthly_completed,83.92134831460675,73,0.025152251990743557,0.14623587201037558,0.5280898876404494
27,30,0.015253735997944995,27,"{""20"": 3, ""30"": 6, ""60"": 11}",-0.08415952143086236,breakout,0.08695652173913038,0,1,-0.014087640060523987,,-0.008911625271752377,,-0.000832919294793566,,27,0.0054931506849311695,,27,2005-2009,0.0316036523396564,0.04221707161672317,True,30,"{""filled"": 27, ""waiting_censored"": 1, ""invalidated"": 2}",22,monthly_completed,94.96296296296296,79,0.021351808598037203,0.14715532084266192,0.7037037037037037
8,30,-0.02029577411292427,8,"{""20"": 1, ""30"": 1, ""60"": 3}",-0.09477765176964487,breakout,0.08963628052386652,0,0,-0.026727850681770804,,-0.018784690166015472,,-0.03013167350507151,,8,-0.013251985032082081,,8,2010-2014,-0.03702754880167056,0.02075847168471978,True,12,"{""waiting_censored"": 3, ""filled"": 8, ""invalidated"": 1}",10,monthly_completed,73.375,82.5,0.016178228412336848,0.13696037889880452,0.625
14,30,-0.0898561256377245,14,"{""20"": 1, ""30"": 5, ""60"": 8}",-0.14228627216104012,breakout,0.04761656201756026,0,1,-0.059924368124253835,,-0.049669897143187425,,-0.051293440008890356,,14,-0.042132177163117346,,14,2015-2019,-0.0830103051021689,-0.05109204633335879,True,15,"{""filled"": 14, ""invalidated"": 1}",13,monthly_completed,67.57142857142857,44.5,0.03065159199163947,0.08939779999987274,0.2857142857142857
40,30,-0.02927068261760546,40,"{""20"": 4, ""30"": 6, ""60"": 13}",-0.08372820499154254,breakout,0.1260634710684495,0,10,-0.0009618674941763716,,0.0285442920863192,,-0.02052617907660681,,40,-0.05220013427424014,,40,2020-2025,0.041644748857050565,-0.005595939961100416,False,43,"{""filled"": 40, ""gap_invalidated"": 1, ""invalidated"": 2}",39,monthly_completed,84.3,74.0,0.04214147495162335,0.18636930754834657,0.475
98,5,0.0028246243944577976,98,"{""20"": 47, ""30"": 65, ""60"": 80}",-0.03026277364198915,support,0.044308407791166515,0,5,0.007527134001216518,"[-0.010821394939897755, 0.027449571508437742]",-0.00017746351800174143,"[-0.008155067897481216, 0.005956029442924948]",0.0009757983731909503,"[-0.004141356522215367, 0.011095687249805586]",98,0.010616659982800536,"[-0.0022284096182441093, 0.023777205568164206]",96,all,0.016491692406546302,0.010392991830431075,False,100,"{""filled"": 98, ""invalidated"": 2}",84,monthly_completed,36.326530612244895,21.0,0.0010806014879278791,0.07675757976962794,0.6020408163265306
30,5,0.00511530361824486,30,"{""20"": 21, ""30"": 25, ""60"": 28}",-0.020911264329363244,support,0.04936727403555763,0,1,-0.011401434845495995,,0.002387940600167504,,0.005993465310637602,,30,0.002200309833618297,,30,2005-2009,0.010131308737550667,0.014494591166051563,False,30,"{""filled"": 30}",22,monthly_completed,24.133333333333333,17.5,-0.001607614092263121,0.0603190231129791,0.6333333333333333
11,5,0.0023157433920046877,11,"{""20"": 4, ""30"": 7, ""60"": 8}",-0.036283185840708,support,0.02857923829428044,0,0,-0.03063122467268553,,-0.011546015283024902,,-0.02508633548074468,,11,-0.04756688511594387,,11,2010-2014,0.005219626076318207,-0.004131846925602978,True,12,"{""filled"": 11, ""invalidated"": 1}",10,monthly_completed,59.63636363636363,28,0.03654143725690073,0.13116324328211137,0.45454545454545453
15,5,2.6767358419776954e-05,15,"{""20"": 7, ""30"": 11, ""60"": 13}",-0.02821011673151741,support,0.041445074655205305,0,1,0.027819633971953195,,-0.0042096939486961915,,3.460937306343226e-05,,15,0.024310613723089958,,15,2015-2019,0.018994315082800663,0.008730146097410296,True,15,"{""filled"": 15}",13,monthly_completed,38.53333333333333,22,0.009742154975369344,0.07938275278377582,0.6666666666666666
42,5,0.003359224673405159,42,"{""20"": 15, ""30"": 22, ""60"": 31}",-0.047114612813833334,support,0.04531318798454553,0,3,0.025161593589028253,,-0.00017746351800174143,,0.00443672218275637,,42,0.02767079022080693,,42,2020-2025,0.023093237634131132,0.011869256340181433,False,43,"{""filled"": 42, ""invalidated"": 1}",39,monthly_completed,38.142857142857146,23.5,-0.002211754437983826,0.076592082616179,0.5952380952380952
98,10,-0.012588316743194994,98,"{""20"": 47, ""30"": 65, ""60"": 80}",-0.042183677443927425,support,0.06346144146907773,0,5,0.0030937006059174044,"[-0.011404777153450452, 0.021676848565245543]",0.002387940600167504,"[-0.0035731841368197292, 0.014471523567977984]",0.0034334570442723367,"[-0.005099888679772846, 0.018097787121143405]",98,0.001184983628528924,"[-0.013937783000367299, 0.023355187218794204]",96,all,0.016266774647612576,0.010880484001657198,False,100,"{""filled"": 98, ""invalidated"": 2}",84,monthly_completed,36.326530612244895,21.0,0.0010806014879278791,0.07675757976962794,0.5714285714285714
30,10,-0.006695058939860221,30,"{""20"": 21, ""30"": 25, ""60"": 28}",-0.03993919231210358,support,0.06467121379248542,0,1,-0.016587529648587063,,0.0010669424436671182,,-0.007842933637358884,,30,-0.008277761054690969,,30,2005-2009,0.018069603543240245,0.024247607290466378,False,30,"{""filled"": 30}",22,monthly_completed,24.133333333333333,17.5,-0.001607614092263121,0.0603190231129791,0.6333333333333333
11,10,-0.0357044939722011,11,"{""20"": 4, ""30"": 7, ""60"": 8}",-0.06467661691542281,support,0.034825870646766566,0,0,-0.009404535773111844,,-0.032337954928663426,,-0.03081942096907686,,11,-0.010669309701492602,,11,2010-2014,-0.018194697954765783,-0.02238805970149238,True,12,"{""filled"": 11, ""invalidated"": 1}",10,monthly_completed,59.63636363636363,28,0.03654143725690073,0.13116324328211137,0.2727272727272727
15,10,0.008877308360610403,15,"{""20"": 7, ""30"": 11, ""60"": 13}",-0.028279654359780193,support,0.07204942677257775,0,1,0.03652100045393658,,-0.0033180421405061278,,0.025838792289359702,,15,0.010133086981275685,,15,2015-2019,0.011644268127119436,0.025683060109289446,True,15,"{""filled"": 15}",13,monthly_completed,38.53333333333333,22,0.009742154975369344,0.07938275278377582,0.6
42,10,-0.012588316743194994,42,"{""20"": 15, ""30"": 22, ""60"": 31}",-0.04985953960654821,support,0.06136425579367699,0,3,0.01563671656367782,,0.014584505074817622,,0.01098466630217576,,42,0.03362689127375185,,42,2020-2025,0.02565555868486803,0.004880828735625231,False,43,"{""filled"": 42, ""invalidated"": 1}",39,monthly_completed,38.142857142857146,23.5,-0.002211754437983826,0.076592082616179,0.5952380952380952
98,20,-0.018736499465504763,98,"{""20"": 47, ""30"": 65, ""60"": 80}",-0.07018126163718891,support,0.09468080538010593,0,5,0.016977113534407007,"[0.0, 0.038189002739190125]",0.002061687638841847,"[-0.005268746171132821, 0.014471523567977984]",0.0020721101510093876,"[-0.0057827106972863085, 0.028895140223103244]",98,0.006284184425864148,"[-0.004571378499464762, 0.03171774775194214]",96,all,0.018043758622485816,0.005438177720192727,False,100,"{""filled"": 98, ""invalidated"": 2}",84,monthly_completed,36.326530612244895,21.0,0.0010806014879278791,0.07675757976962794,0.5306122448979592
30,20,-0.015829055360478295,30,"{""20"": 21, ""30"": 25, ""60"": 28}",-0.04868206140538234,support,0.0895307364899357,0,1,0.012140395769514367,,0.007419232397391451,,0.0001677920687518375,,30,0.006435367152302807,,30,2005-2009,0.025326793557243054,0.020548017801734875,False,30,"{""filled"": 30}",22,monthly_completed,24.133333333333333,17.5,-0.001607614092263121,0.0603190231129791,0.6666666666666666
11,20,-0.08134023068555307,11,"{""20"": 4, ""30"": 7, ""60"": 8}",-0.1464335251517188,support,0.06291543556014756,0,0,-0.12857672832591394,,-0.05152870905722229,,-0.07787235696517447,,11,-0.09567397388059695,,11,2010-2014,-0.03218136718544358,-0.0888026239245212,True,12,"{""filled"": 11, ""invalidated"": 1}",10,monthly_completed,59.63636363636363,28,0.03654143725690073,0.13116324328211137,0.45454545454545453
15,20,-0.034959168013390385,15,"{""20"": 7, ""30"": 11, ""60"": 13}",-0.11311475409836069,support,0.07204942677257775,0,1,-0.014606039688633055,,-0.008224491210905072,,0.00938744383108503,,15,0.0020095499346335366,,15,2015-2019,-0.04784805438720341,-0.017467598634382075,True,15,"{""filled"": 15}",13,monthly_completed,38.53333333333333,22,0.009742154975369344,0.07938275278377582,0.4
42,20,-0.015313720423349442,42,"{""20"": 15, ""30"": 22, ""60"": 31}",-0.07772524642126366,support,0.1287288427511929,0,3,0.041317089203447455,,0.018743924977698112,,0.027253579064736688,,42,0.029545758037127,,42,2020-2025,0.04952858078891069,-0.0009687950539859491,False,43,"{""filled"": 42, ""invalidated"": 1}",39,monthly_completed,38.142857142857146,23.5,-0.002211754437983826,0.076592082616179,0.5
98,30,-0.022013001372206964,98,"{""20"": 47, ""30"": 65, ""60"": 80}",-0.08905547329453328,support,0.1262387825577096,0,5,0.00709495859833742,"[-0.013727627206611581, 0.03414204377155894]",0.0016210547117902485,"[-0.008224491210905072, 0.014036354881425295]",0.009322953554265379,"[-0.004114028756942556, 0.033820431663124984]",98,0.007537836463619718,"[-0.02642852143209362, 0.03778424279579218]",96,all,0.03425367305423785,0.01572788648188206,False,100,"{""filled"": 98, ""invalidated"": 2}",84,monthly_completed,36.326530612244895,21.0,0.0010806014879278791,0.07675757976962794,0.5510204081632653
30,30,-0.022290710693953164,30,"{""20"": 21, ""30"": 25, ""60"": 28}",-0.06358401809113612,support,0.10947300688111494,0,1,0.009591910140668736,,0.004083760869984632,,0.004613988695145066,,30,0.01299397823025883,,30,2005-2009,0.03969691131910759,0.015417109200646761,False,30,"{""filled"": 30}",22,monthly_completed,24.133333333333333,17.5,-0.001607614092263121,0.0603190231129791,0.6333333333333333
11,30,-0.02934302974674996,11,"{""20"": 4, ""30"": 7, ""60"": 8}",-0.1464335251517188,support,0.07785888077858871,0,0,-0.00818896719113349,,-0.032337954928663426,,-0.00448454254010433,,11,0.005695837278222093,,11,2010-2014,0.0332865247829949,-0.07776442825134933,True,12,"{""filled"": 11, ""invalidated"": 1}",10,monthly_completed,59.63636363636363,28,0.03654143725690073,0.13116324328211137,0.45454545454545453
15,30,-0.08949449378076557,15,"{""20"": 7, ""30"": 11, ""60"": 13}",-0.13667650274316667,support,0.09169775997831264,0,1,-0.060479949695086854,,-0.03274820853214078,,0.009417929718240625,,15,-0.0369993134239297,,15,2015-2019,-0.07516590315942871,-0.061748633879781356,True,15,"{""filled"": 15}",13,monthly_completed,38.53333333333333,22,0.009742154975369344,0.07938275278377582,0.26666666666666666
42,30,0.03941503471039143,42,"{""20"": 15, ""30"": 22, ""60"": 31}",-0.09147009736443984,support,0.15978762529705615,0,3,0.028831152393989645,,0.014584505074817622,,0.02629177086707002,,42,0.023252972484076873,,42,2020-2025,0.06969736653620401,0.048443655694890064,False,43,"{""filled"": 42, ""invalidated"": 1}",39,monthly_completed,38.142857142857146,23.5,-0.002211754437983826,0.076592082616179,0.6190476190476191
18,5,0.003984321383203593,18,"{""20"": 3, ""30"": 6, ""60"": 6}",-0.045660755875460146,momentum,0.03278047248937954,19,20,-0.006517746113652856,"[-0.050330240099238144, 0.060302070423766396]",-0.013511418194346314,"[-0.028462753017906572, 0.029587945657769454]",-0.010168575102877941,"[-0.03269276337239402, 0.01871527365293224]",18,-0.013079344367963763,"[-0.044066883820938985, 0.03190455256721947]",18,all,0.007907872304967416,0.010822386021882346,True,100,"{""waiting_censored"": 65, ""filled"": 18, ""invalidated"": 17}",84,monthly_completed,103.22222222222223,88.0,0.056070925436062735,0.2994970005130776,0.6111111111111112
4,5,-0.017533306847856256,4,"{""20"": 0, ""30"": 1, ""60"": 1}",-0.04658118439234776,momentum,0.02497402773179569,5,5,-0.030195267128005465,,-0.036029872430136334,,-0.028969534671374197,,4,-0.03689970594275571,,4,2005-2009,-0.020085636283777047,-0.016443665397644525,True,30,"{""waiting_censored"": 20, ""filled"": 4, ""invalidated"": 6}",22,monthly_completed,157.5,194.0,0.1077491402106564,0.2591213884871971,0.25
1,5,-0.024425955276890954,1,"{""20"": 0, ""30"": 0, ""60"": 0}",-0.039896737854963726,momentum,0.012907768129547081,0,0,-0.050330240099238144,,-0.035951506942919154,,-0.022831382485444696,,1,-0.04093101502022056,,1,2010-2014,-0.007744660877728182,-0.007744660877728182,True,12,"{""waiting_censored"": 9, ""invalidated"": 2, ""filled"": 1}",10,monthly_completed,144,144,0.07998783712365165,0.2898755098205309,0
4,5,-0.022183924150123047,4,"{""20"": 1, ""30"": 2, ""60"": 2}",-0.056022181937451676,momentum,0.011069319516248122,1,1,-0.05917635903981383,,-0.02439665147749326,,-0.04595666858518199,,4,-0.06475750041597828,,4,2015-2019,-0.03699701630733676,-0.02119707853630648,True,15,"{""filled"": 4, ""invalidated"": 3, ""waiting_censored"": 8}",13,monthly_completed,89,53.5,0.05321637426900594,0.17937411822322713,0.25
9,5,0.022682840670539495,9,"{""20"": 2, ""30"": 3, ""60"": 3}",-0.046861924686192324,momentum,0.05480984340044737,13,14,0.06755750785128545,,0.03293571684435126,,0.028933832618776245,,9,0.06077891531238322,,9,2020-2025,0.042046330303510765,0.03635346756152136,True,43,"{""waiting_censored"": 28, ""filled"": 9, ""invalidated"": 6}",39,monthly_completed,80.88888888888889,72,0.02975898550585443,0.394461505868265,1
18,10,-0.017660301520575794,18,"{""20"": 3, ""30"": 6, ""60"": 6}",-0.05748978669270338,momentum,0.06575019718528508,19,20,0.002354822687042235,"[-0.03143726205495784, 0.05980338502239202]",-0.01766584689873385,"[-0.03992695657367623, 0.04774191693138041]",0.0009677824194613827,"[-0.026961628643954683, 0.06888063488479024]",18,-0.00532650451305583,"[-0.040722549013219644, 0.05866635453186536]",18,all,0.015144940418640094,-0.00534211722747624,True,100,"{""waiting_censored"": 65, ""filled"": 18, ""invalidated"": 17}",84,monthly_completed,103.22222222222223,88.0,0.056070925436062735,0.2994970005130776,0.4444444444444444
4,10,-0.004618925244036176,4,"{""20"": 0, ""30"": 1, ""60"": 1}",-0.05644269044698408,momentum,0.03637678160442914,5,5,-0.023950715410366585,,-0.03447672738875068,,-0.02283645608207452,,4,-0.013629114064188874,,4,2005-2009,0.009659640047235268,0.01691624879658027,True,30,"{""waiting_censored"": 20, ""filled"": 4, ""invalidated"": 6}",22,monthly_completed,157.5,194.0,0.1077491402106564,0.2591213884871971,0.75
1,10,-0.04671576609052852,1,"{""20"": 0, ""30"": 0, ""60"": 0}",-0.039896737854963726,momentum,0.01713212860830793,0,0,-0.06644583572318108,,-0.035951506942919154,,-0.026961628643954683,,1,-0.04019296921366988,,1,2010-2014,-0.003989673785496417,-0.003989673785496417,True,12,"{""waiting_censored"": 9, ""invalidated"": 2, ""filled"": 1}",10,monthly_completed,144,144,0.07998783712365165,0.2898755098205309,0
4,10,-0.037058277105209425,4,"{""20"": 1, ""30"": 2, ""60"": 2}",-0.08374729512032025,momentum,0.011069319516248122,1,1,-0.03992552094980628,,-0.05916893812571539,,-0.027454792390637972,,4,-0.0431995774707834,,4,2015-2019,-0.04000539518011814,-0.04200554273648438,True,15,"{""filled"": 4, ""invalidated"": 3, ""waiting_censored"": 8}",13,monthly_completed,89,53.5,0.05321637426900594,0.17937411822322713,0
9,10,0.04625124707152661,9,"{""20"": 2, ""30"": 3, ""60"": 3}",-0.051063642722837144,momentum,0.11876484560570066,13,14,0.07027620161899817,,0.055580604761354624,,0.07591369839058837,,9,0.0608924326817325,,9,2020-2025,0.044220180205838844,0.0727434020847193,True,43,"{""waiting_censored"": 28, ""filled"": 9, ""invalidated"": 6}",39,monthly_completed,80.88888888888889,72,0.02975898550585443,0.394461505868265,0.5555555555555556
18,20,-0.030398828766134922,18,"{""20"": 3, ""30"": 6, ""60"": 6}",-0.07465185475815894,momentum,0.07652273043351265,19,20,-0.01998611908830744,"[-0.07494057446140717, 0.10527958485817357]",-0.015329355418577773,"[-0.050043623683454885, 0.03240234581654722]",-0.030769556434856793,"[-0.07394946312495343, 0.024704712221962577]",18,-0.0459665228030251,"[-0.08010983884471268, 0.085751855134229]",18,all,0.03526054645844235,-0.021108291033612392,True,100,"{""waiting_censored"": 65, ""filled"": 18, ""invalidated"": 17}",84,monthly_completed,103.22222222222223,88.0,0.056070925436062735,0.2994970005130776,0.4444444444444444
4,20,-0.035503012299213266,4,"{""20"": 0, ""30"": 1, ""60"": 1}",-0.07219191339793074,momentum,0.03637678160442914,5,5,-0.027502906723029297,,-0.036177374347695856,,-0.033425139078241406,,4,-0.06681854961443207,,4,2005-2009,-0.0416108762003449,-0.04401977279031116,True,30,"{""waiting_censored"": 20, ""filled"": 4, ""invalidated"": 6}",22,monthly_completed,157.5,194.0,0.1077491402106564,0.2591213884871971,0.25
1,20,-0.028087566056338664,1,"{""20"": 0, ""30"": 0, ""60"": 0}",-0.039896737854963726,momentum,0.028397089885003446,0,0,-0.047047115442150345,,-0.035951506942919154,,-0.031013446202255768,,1,-0.041579575972505056,,1,2010-2014,0.01736681530157247,0.01736681530157247,True,12,"{""waiting_censored"": 9, ""invalidated"": 2, ""filled"": 1}",10,monthly_completed,144,144,0.07998783712365165,0.2898755098205309,1
4,20,-0.03412705730615789,4,"{""20"": 1, ""30"": 2, ""60"": 2}",-0.09076375154676686,momentum,0.018287531620634567,1,1,-0.001284156614869636,,-0.0483099486039521,,-0.03202122156792597,,4,-0.0057011997826297844,,4,2015-2019,-0.014532727682437907,-0.0337758467510621,True,15,"{""filled"": 4, ""invalidated"": 3, ""waiting_censored"": 8}",13,monthly_completed,89,53.5,0.05321637426900594,0.17937411822322713,0.25
9,20,-0.018856221632673753,9,"{""20"": 2, ""30"": 3, ""60"": 3}",-0.0570444104134763,momentum,0.16666666666666674,13,14,0.08602260927325589,,0.055580604761354624,,0.017407106971011554,,9,0.06583728469944838,,9,2020-2025,0.09354415960905789,0.021734309159458842,True,43,"{""waiting_censored"": 28, ""filled"": 9, ""invalidated"": 6}",39,monthly_completed,80.88888888888889,72,0.02975898550585443,0.394461505868265,0.5555555555555556
18,30,-0.05965664136308557,18,"{""20"": 3, ""30"": 6, ""60"": 6}",-0.11466454871801957,momentum,0.07652273043351265,19,20,-0.05389073953875417,"[-0.07033598536788732, 0.18217091357665322]",-0.0318464096171065,"[-0.07119903613134698, 0.01911226809687372]",-0.03376870201580673,"[-0.0747527294833803, 0.04416518410117298]",18,-0.07260333401763391,"[-0.11249339036706468, 0.1833480897361513]",18,all,0.028589786933622883,-0.05490592318762272,True,100,"{""waiting_censored"": 65, ""filled"": 18, ""invalidated"": 17}",84,monthly_completed,103.22222222222223,88.0,0.056070925436062735,0.2994970005130776,0.3888888888888889
4,30,-0.09357115490024737,4,"{""20"": 0, ""30"": 1, ""60"": 1}",-0.12592510124151068,momentum,0.03756008625158924,5,5,-0.05513692080346999,,-0.07165251172751047,,-0.03376870201580673,,4,-0.09683356712545954,,4,2005-2009,-0.06482113241069751,-0.0911952534826756,True,30,"{""waiting_censored"": 20, ""filled"": 4, ""invalidated"": 6}",22,monthly_completed,157.5,194.0,0.1077491402106564,0.2591213884871971,0.25
1,30,-0.09585117012541844,1,"{""20"": 0, ""30"": 0, ""60"": 0}",-0.07333959164515369,momentum,0.03262145036376429,0,0,-0.09267685961395256,,-0.06939436073310912,,-0.030270171822357694,,1,-0.09103371019183448,,1,2010-2014,-0.04717202534616283,-0.04717202534616283,True,12,"{""waiting_censored"": 9, ""invalidated"": 2, ""filled"": 1}",10,monthly_completed,144,144,0.07998783712365165,0.2898755098205309,0
4,30,-0.04133087548344416,4,"{""20"": 1, ""30"": 2, ""60"": 2}",-0.1207830230248837,momentum,0.02023089641796938,1,1,-0.05865309387520906,,-0.05670868892144554,,-0.05123583872557502,,4,-0.08070175160057064,,4,2015-2019,0.002544405766710389,-0.049712357272192864,True,15,"{""filled"": 4, ""invalidated"": 3, ""waiting_censored"": 8}",13,monthly_completed,89,53.5,0.05321637426900594,0.17937411822322713,0.25
9,30,0.0649759387996377,9,"{""20"": 2, ""30"": 3, ""60"": 3}",-0.08272344200487924,momentum,0.16666666666666674,13,14,0.10137791314807942,,0.027265929798537147,,0.042138364779874316,,9,0.11612399447672961,,9,2020-2025,0.0900994551919248,0.0493723849372385,True,43,"{""waiting_censored"": 28, ""filled"": 9, ""invalidated"": 6}",39,monthly_completed,80.88888888888889,72,0.02975898550585443,0.394461505868265,0.5555555555555556
